,Details,Posting Date,Description,Amount,Type,Check or Slip #
0,DEBIT,06/07/2024,Payment to Chase card ending in /,-2000.0,LOAN_PMT,
1,DEBIT,06/05/2024,AMERICAN EXPRESS ACH PMT W WEB ID: ,-739.04,ACH_DEBIT,
2,CREDIT,06/04/2024,DISCOVER BANK PREARRANGE PPD ID: ,6000.0,ACH_CREDIT,
3,DEBIT,06/03/2024,DUPAGE CO TAX DUPAGE CO WEB ID: ,-10747.72,ACH_DEBIT,
4,DEBIT,06/03/2024,AMERICAN EXPRESS ACH PMT M WEB ID: ,-32.7,ACH_DEBIT,
5,DEBIT,06/03/2024,Nicor Gas GAS PAYMNT WEB ID: ,-45.71,ACH_DEBIT,
6,DEBIT,06/03/2024,AMEX EPAYMENT    ACH PMT    A9938           WEB ID: 6133133497,-645.25,ACH_DEBIT,
7,DEBIT,06/03/2024,KIDS KAMPUS CHIL PPD ID: ,-1595.0,ACH_DEBIT,
8,DEBIT,05/31/2024,Zelle payment to J&B Landscape Solutions Inc. ,-267.0,QUICKPAY_DEBIT,
9,DEBIT,05/31/2024,APPLECARD GSBANK PAYMENT WEB ID: ,-774.0,ACH_DEBIT,
10,CREDIT,05/31/2024,Work location 1,6168.42,ACH_CREDIT,
11,CREDIT,05/30/2024,THRIVEPASS REIMBURSE PPD ID: ,62.5,ACH_CREDIT,
12,DEBIT,05/28/2024,AMERICAN EXPRESS ACH PMT A WEB ID: ,-40.0,ACH_DEBIT,
13,DEBIT,05/28/2024,AMEX EPAYMENT    ACH PMT    A5042           WEB ID: 6133133497,-517.1,ACH_DEBIT,
14,DEBIT,05/28/2024,VOLVO CAR FIN AUTO FINAN WEB ID: ,-665.0,ACH_DEBIT,
15,DEBIT,05/28/2024,AMEX EPAYMENT    ACH PMT    A0624           WEB ID: 6133133497,-683.04,ACH_DEBIT,
16,DEBIT,05/28/2024,AMEX EPAYMENT    ACH PMT    A0594           WEB ID: 6133133497,-336.9,ACH_DEBIT,
17,DEBIT,05/23/2024,Online Payment To First National Bank of Ottawa /,-5200.0,BILLPAY,
18,DEBIT,05/20/2024,DISCOVER BANK PREARRANGE PPD ID: ,-514.29,ACH_DEBIT,
19,DEBIT,05/20/2024,KIDS KAMPUS CHIL PPD ID: ,-1595.0,ACH_DEBIT,
20,CREDIT,05/17/2024,Work location 1,5822.3,ACH_CREDIT,
21,DEBIT,05/14/2024,Zelle payment to J&B Landscape Solutions Inc. ,-520.0,QUICKPAY_DEBIT,
22,DEBIT,05/14/2024,MICHAEL GRAHAM SALON - NAPERVILLE IL /,-52.5,DEBIT_CARD,
23,DEBIT,05/13/2024,Payment to Chase card ending in /,-1800.0,LOAN_PMT,
24,DEBIT,05/13/2024,Payment to Chase card ending in /,-193.67,LOAN_PMT,
25,DEBIT,05/08/2024,Payment to Chase card ending in /,-3500.0,LOAN_PMT,
26,DEBIT,05/07/2024,Zelle payment to J&B Landscape Solutions Inc. ,-100.0,QUICKPAY_DEBIT,
27,DEBIT,05/06/2024,Zelle payment to Sandy Hair Dresser JPMagjtskg,-250.0,CHASE_TO_PARTNERFI,
28,DEBIT,05/06/2024,KIDS KAMPUS CHIL PPD ID: ,-1595.0,ACH_DEBIT,
29,CREDIT,05/03/2024,Work location 1,9222.55,ACH_CREDIT,
30,DEBIT,05/02/2024,Nicor Gas GAS PAYMNT WEB ID: ,-76.02,ACH_DEBIT,
31,DEBIT,05/01/2024,AMEX EPAYMENT    ACH PMT    A2340           WEB ID: 6133133497,-645.25,ACH_DEBIT,
32,CREDIT,04/30/2024,THRIVEPASS REIMBURSE PPD ID: ,62.5,ACH_CREDIT,
33,CREDIT,04/30/2024,IRS TREAS TAX REF PPD ID: ,9141.0,ACH_CREDIT,
34,DEBIT,04/29/2024,VOLVO CAR FIN AUTO FINAN WEB ID: ,-665.0,ACH_DEBIT,
35,DEBIT,04/29/2024,Zelle payment to J&B Landscape Solutions Inc. ,-267.0,QUICKPAY_DEBIT,
36,DEBIT,04/29/2024,APPLECARD GSBANK PAYMENT WEB ID: ,-633.47,ACH_DEBIT,
37,DEBIT,04/29/2024,AMERICAN EXPRESS ACH PMT A WEB ID: ,-3.07,ACH_DEBIT,
38,DEBIT,04/29/2024,AMEX EPAYMENT    ACH PMT    A7358           WEB ID: 6133133497,-683.04,ACH_DEBIT,
39,DEBIT,04/26/2024,AMEX EPAYMENT    ACH PMT    A8570           WEB ID: 6133133497,-517.1,ACH_DEBIT,
40,DEBIT,04/24/2024,Online Payment To First National Bank of Ottawa /,-5200.0,BILLPAY,
41,DEBIT,04/24/2024,AMEX EPAYMENT    ACH PMT    A7040           WEB ID: 6133133497,-336.9,ACH_DEBIT,
42,CREDIT,04/23/2024,DISCOVER BANK PREARRANGE PPD ID: ,2000.0,ACH_CREDIT,
43,DEBIT,04/22/2024,KIDS KAMPUS CHIL PPD ID: ,-1595.0,ACH_DEBIT,
44,CREDIT,04/19/2024,Work location 1,5858.75,ACH_CREDIT,
45,DEBIT,04/18/2024,DISCOVER BANK PREARRANGE PPD ID: ,-514.29,ACH_DEBIT,
46,DEBIT,04/16/2024,CHASE CREDIT CRD AUTOPAY PPD ID: ,-270.0,ACH_DEBIT,
47,DEBIT,04/12/2024,Payment to Chase card ending in /,-279.66,LOAN_PMT,
48,DEBIT,04/08/2024,Payment to Chase card ending in /,-3000.0,LOAN_PMT,
49,DEBIT,04/08/2024,KIDS KAMPUS CHIL PPD ID: ,-1557.5,ACH_DEBIT,
50,CREDIT,04/05/2024,Work location 1,5792.27,ACH_CREDIT,
51,DEBIT,04/03/2024,Nicor Gas GAS PAYMNT WEB ID: ,-88.01,ACH_DEBIT,
52,DEBIT,04/01/2024,APPLECARD GSBANK PAYMENT WEB ID: ,-633.47,ACH_DEBIT,
53,DEBIT,04/01/2024,AMEX EPAYMENT    ACH PMT    A7304           WEB ID: 6133133497,-645.25,ACH_DEBIT,
54,CREDIT,04/01/2024,THRIVEPASS REIMBURSE PPD ID: ,62.5,ACH_CREDIT,
55,DEBIT,03/28/2024,AMEX EPAYMENT    ACH PMT    A5830           WEB ID: 6133133497,-683.04,ACH_DEBIT,
56,DEBIT,03/27/2024,VOLVO CAR FIN AUTO FINAN WEB ID: ,-665.0,ACH_DEBIT,
57,DEBIT,03/27/2024,AMEX EPAYMENT    ACH PMT    A9458           WEB ID: 6133133497,-517.1,ACH_DEBIT,
58,DEBIT,03/25/2024,Online Payment To First National Bank of Ottawa /,-5200.0,BILLPAY,
59,DEBIT,03/25/2024,AMEX EPAYMENT    ACH PMT    A3070           WEB ID: 6133133497,-336.9,ACH_DEBIT,
60,DEBIT,03/25/2024,MICHAEL GRAHAM SALON - NAPERVILLE IL /,-111.0,DEBIT_CARD,
61,DEBIT,03/25/2024,KIDS KAMPUS CHIL PPD ID: ,-1549.5,ACH_DEBIT,
62,CREDIT,03/22/2024,DISCOVER BANK PREARRANGE PPD ID: ,3000.0,ACH_CREDIT,
63,CREDIT,03/22/2024,Work location 1,8235.08,ACH_CREDIT,
64,DEBIT,03/19/2024,DISCOVER BANK PREARRANGE PPD ID: ,-514.29,ACH_DEBIT,
65,DEBIT,03/18/2024,Zelle payment to J&B Landscape Solutions Inc. ,-267.0,QUICKPAY_DEBIT,
66,DEBIT,03/18/2024,ALLY LENDING -- - NY /,-269.99,DEBIT_CARD,
67,DEBIT,03/11/2024,GLO NAIL LOUNGE NAPERVILLE IL /,-65.0,DEBIT_CARD,
68,DEBIT,03/11/2024,KIDS KAMPUS CHIL PPD ID: ,-1504.0,ACH_DEBIT,
69,DEBIT,03/08/2024,Payment to Chase card ending in /,-11432.78,LOAN_PMT,
70,CREDIT,03/08/2024,Work location 1,4611.36,ACH_CREDIT,
71,CREDIT,03/08/2024,Work location 1,5768.79,ACH_CREDIT,
72,DEBIT,03/04/2024,Nicor Gas GAS PAYMNT WEB ID: ,-122.28,ACH_DEBIT,
73,DEBIT,03/01/2024,APPLECARD GSBANK PAYMENT WEB ID: ,-400.0,ACH_DEBIT,
74,DEBIT,03/01/2024,AMEX EPAYMENT    ACH PMT    A5894           WEB ID: 6133133497,-645.25,ACH_DEBIT,
75,CREDIT,03/01/2024,THRIVEPASS REIMBURSE PPD ID: ,130.33,ACH_CREDIT,
76,DEBIT,02/27/2024,VOLVO CAR FIN AUTO FINAN WEB ID: ,-665.0,ACH_DEBIT,
77,DEBIT,02/26/2024,AMERICAN EXPRESS ACH PMT A WEB ID: ,-40.0,ACH_DEBIT,
78,DEBIT,02/26/2024,AMEX EPAYMENT    ACH PMT    A4258           WEB ID: 6133133497,-517.1,ACH_DEBIT,
79,DEBIT,02/26/2024,AMEX EPAYMENT    ACH PMT    A2894           WEB ID: 6133133497,-683.04,ACH_DEBIT,
80,DEBIT,02/26/2024,KIDS KAMPUS CHIL PPD ID: ,-1504.0,ACH_DEBIT,
81,DEBIT,02/23/2024,Online Payment To First National Bank of Ottawa /,-5200.0,BILLPAY,
82,DEBIT,02/23/2024,AMEX EPAYMENT    ACH PMT    A2192           WEB ID: 6133133497,-336.9,ACH_DEBIT,
83,CREDIT,02/23/2024,Work location 1,5813.88,ACH_CREDIT,
84,DEBIT,02/22/2024,ALLY LENDING -- - NY /,-124.91,DEBIT_CARD,
85,DEBIT,02/21/2024,DISCOVER BANK PREARRANGE PPD ID: ,-514.29,ACH_DEBIT,
86,DEBIT,02/15/2024,Payment to Chase card ending in /,-1500.0,LOAN_PMT,
87,DEBIT,02/15/2024,TRAVELERS PER INSUR PPD ID: ,-172.0,ACH_DEBIT,
88,DEBIT,02/12/2024,MICHAEL GRAHAM SALON - NAPERVILLE IL /,-87.5,DEBIT_CARD,
89,DEBIT,02/12/2024,KIDS KAMPUS CHIL PPD ID: ,-1595.0,ACH_DEBIT,
90,DSLIP,02/12/2024,REMOTE ONLINE DEPOSIT # ,1.0,CHECK_DEPOSIT,1.0
91,DSLIP,02/12/2024,REMOTE ONLINE DEPOSIT # ,68.58,CHECK_DEPOSIT,1.0
92,DSLIP,02/12/2024,REMOTE ONLINE DEPOSIT # ,114.87,CHECK_DEPOSIT,1.0
93,DEBIT,02/09/2024,CHASE CREDIT CRD AUTOPAY PPD ID: ,-414.23,ACH_DEBIT,
94,CREDIT,02/09/2024,Work location 1,7471.61,ACH_CREDIT,
95,DEBIT,02/05/2024,AMERICAN EXPRESS ACH PMT W WEB ID: ,-1169.99,ACH_DEBIT,
96,DEBIT,02/01/2024,Nicor Gas GAS PAYMNT WEB ID: ,-97.89,ACH_DEBIT,
97,DEBIT,02/01/2024,AMEX EPAYMENT    ACH PMT    A9872           WEB ID: 6133133497,-645.25,ACH_DEBIT,
98,DEBIT,01/29/2024,VOLVO CAR FIN AUTO FINAN WEB ID: ,-665.0,ACH_DEBIT,
99,DEBIT,01/29/2024,AMERICAN EXPRESS ACH PMT A WEB ID: ,-17.99,ACH_DEBIT,
100,DEBIT,01/29/2024,AMEX EPAYMENT    ACH PMT    A3006           WEB ID: 6133133497,-683.04,ACH_DEBIT,
101,DEBIT,01/29/2024,AMEX EPAYMENT    ACH PMT    A9720           WEB ID: 6133133497,-517.1,ACH_DEBIT,
102,DEBIT,01/29/2024,APPLECARD GSBANK PAYMENT WEB ID: ,-1059.13,ACH_DEBIT,
103,DEBIT,01/29/2024,KIDS KAMPUS CHIL PPD ID: ,-1215.0,ACH_DEBIT,
104,CREDIT,01/26/2024,Work location 1,5813.88,ACH_CREDIT,
105,DEBIT,01/25/2024,Online Payment To First National Bank of Ottawa /,-5200.0,BILLPAY,
106,DEBIT,01/25/2024,AMEX EPAYMENT    ACH PMT    A6212           WEB ID: 6133133497,-336.9,ACH_DEBIT,
107,DEBIT,01/22/2024,ALLY LENDING -- - NY /,-124.91,DEBIT_CARD,
108,DEBIT,01/18/2024,DISCOVER BANK PREARRANGE PPD ID: ,-514.29,ACH_DEBIT,
109,DEBIT,01/16/2024,Payment to Chase card ending in /,-2000.0,LOAN_PMT,
110,DEBIT,01/16/2024,Zelle payment to Sandy Hair Dresser JPMaxpzp,-450.0,CHASE_TO_PARTNERFI,
111,DEBIT,01/16/2024,TRAVELERS PER INSUR PPD ID: ,-234.0,ACH_DEBIT,
112,DEBIT,01/16/2024,KIDS KAMPUS CHIL PPD ID: ,-760.0,ACH_DEBIT,
113,CREDIT,01/16/2024,Work location 1,3200.48,ACH_CREDIT,
114,DEBIT,01/12/2024,Online Transfer to RBC Bank USA ##### transaction #: /,-50.0,ACCT_XFER,
115,DEBIT,01/12/2024,Online Transfer to Bruce - RBC Checking ##### transaction #: /,-50.0,ACCT_XFER,
116,CREDIT,01/12/2024,Work location 1,4150.62,ACH_CREDIT,
117,DEBIT,01/11/2024,ATM WITHDRAWAL / HOBS,-60.0,ATM,
118,CREDIT,01/05/2024,"Credit Return: Online Payment To BANK OF AMERICA, N.A.",550.28,MISC_CREDIT,
119,CHECK,01/04/2024,CHECK # PASSPORTSERVICES PAYMENT ARC ID: ,-115.0,CHECK_PAID,3179.0
120,DEBIT,01/03/2024,Nicor Gas GAS PAYMNT WEB ID: ,-86.59,ACH_DEBIT,
121,DEBIT,01/02/2024,APPLECARD GSBANK PAYMENT WEB ID: ,-325.0,ACH_DEBIT,
122,DEBIT,01/02/2024,AMEX EPAYMENT    ACH PMT    A4932           WEB ID: 6133133497,-645.25,ACH_DEBIT,
123,DEBIT,01/02/2024,MICHAEL GRAHAM SALON - NAPERVILLE IL /,-66.5,DEBIT_CARD,
124,DEBIT,01/02/2024,KIDS KAMPUS CHIL PPD ID: ,-850.0,ACH_DEBIT,
125,DEBIT,01/02/2024,Empyrean COBRA Premiums WEB ID: BEN,-1113.79,ACH_DEBIT,
126,DEBIT,12/29/2023,AMERICAN EXPRESS ACH PMT W WEB ID: ,-80.73,ACH_DEBIT,
127,CREDIT,12/29/2023,Work location 1,5989.29,ACH_CREDIT,
128,DEBIT,12/28/2023,AMERICAN EXPRESS ACH PMT A WEB ID: ,-40.0,ACH_DEBIT,
129,DEBIT,12/28/2023,AMEX EPAYMENT    ACH PMT    A6160           WEB ID: 6133133497,-683.04,ACH_DEBIT,
130,DEBIT,12/27/2023,VOLVO CAR FIN AUTO FINAN WEB ID: ,-665.0,ACH_DEBIT,
131,DEBIT,12/27/2023,AMEX EPAYMENT    ACH PMT    A2064           WEB ID: 6133133497,-517.1,ACH_DEBIT,
132,DEBIT,12/26/2023,AMEX EPAYMENT    ACH PMT    A9406           WEB ID: 6133133497,-336.9,ACH_DEBIT,
133,CREDIT,12/26/2023,Giftly Credit PPD ID: ,50.0,ACH_CREDIT,
134,DSLIP,12/26/2023,REMOTE ONLINE DEPOSIT # ,47.72,CHECK_DEPOSIT,1.0
135,CREDIT,12/22/2023,THRIVEPASS REIMBURSE PPD ID: ,34.48,ACH_CREDIT,
136,CREDIT,12/22/2023,THRIVEPASS REIMBURSE PPD ID: ,147.69,ACH_CREDIT,
137,DEBIT,12/21/2023,Online Payment To First National Bank of Ottawa /,-5200.0,BILLPAY,
138,DEBIT,12/20/2023,ALLY LENDING -- - NY /,-200.0,DEBIT_CARD,
139,DEBIT,12/19/2023,DISCOVER BANK PREARRANGE PPD ID: ,-514.29,ACH_DEBIT,
140,DEBIT,12/18/2023,KIDS KAMPUS CHIL PPD ID: ,-760.0,ACH_DEBIT,
141,DEBIT,12/15/2023,"Online Payment To BANK OF AMERICA, N.A. /",-550.28,BILLPAY,
142,CREDIT,12/15/2023,Work location 1,8217.53,ACH_CREDIT,
143,DEBIT,12/13/2023,Payment to Chase card ending in /,-2000.0,LOAN_PMT,
144,DEBIT,12/13/2023,Payment to Chase card ending in /,-3424.69,LOAN_PMT,
145,DSLIP,12/11/2023,DEPOSIT ID NUMBER ,1405.76,DEPOSIT,
146,DEBIT,12/07/2023,Payment to Chase card ending in /,-2500.0,LOAN_PMT,
147,DEBIT,12/06/2023,TRAVELERS PER INSUR PPD ID: ,-1364.0,ACH_DEBIT,
148,DEBIT,12/06/2023,TRAVELERS PER INSUR PPD ID: ,-2468.0,ACH_DEBIT,
149,DEBIT,12/05/2023,ATM WITHDRAWAL / HOBS,-260.0,ATM,
150,DEBIT,12/04/2023,AMERICAN EXPRESS ACH PMT W WEB ID: ,-726.01,ACH_DEBIT,
151,DEBIT,12/04/2023,KIDS KAMPUS CHIL PPD ID: ,-760.0,ACH_DEBIT,
152,DEBIT,12/01/2023,AMERICAN EXPRESS ACH PMT W WEB ID: ,-751.85,ACH_DEBIT,
153,DEBIT,12/01/2023,Nicor Gas GAS PAYMNT WEB ID: ,-59.36,ACH_DEBIT,
154,DEBIT,12/01/2023,APPLECARD GSBANK PAYMENT WEB ID: ,-200.0,ACH_DEBIT,
155,DEBIT,12/01/2023,AMEX EPAYMENT    ACH PMT    A5584           WEB ID: 6133133497,-645.25,ACH_DEBIT,
156,DEBIT,12/01/2023,Empyrean COBRA Premiums WEB ID: BEN,-971.9,ACH_DEBIT,
157,CREDIT,12/01/2023,Work location 1,6517.5,ACH_CREDIT,
158,DEBIT,11/30/2023,ATM WITHDRAWAL / HOBS,-60.0,ATM,
159,DEBIT,11/27/2023,AMERICAN EXPRESS ACH PMT A WEB ID: ,-40.0,ACH_DEBIT,
160,DEBIT,11/27/2023,AMEX EPAYMENT    ACH PMT    A9986           WEB ID: 6133133497,-517.1,ACH_DEBIT,
161,DEBIT,11/27/2023,AMEX EPAYMENT    ACH PMT    A8368           WEB ID: 6133133497,-683.04,ACH_DEBIT,
162,DEBIT,11/24/2023,Online Payment To First National Bank of Ottawa /,-5200.0,BILLPAY,
163,DEBIT,11/24/2023,AMEX EPAYMENT    ACH PMT    A6830           WEB ID: 6133133497,-336.9,ACH_DEBIT,
164,DEBIT,11/20/2023,MICHAEL GRAHAM SALON - NAPERVILLE IL /,-49.0,DEBIT_CARD,
165,DEBIT,11/20/2023,ALLY LENDING - NY /,-124.91,DEBIT_CARD,
166,DEBIT,11/20/2023,DISCOVER BANK PREARRANGE PPD ID: ,-514.29,ACH_DEBIT,
167,DEBIT,11/20/2023,KIDS KAMPUS CHIL PPD ID: ,-760.0,ACH_DEBIT,
168,CREDIT,11/17/2023,Work location 1,22268.79,ACH_CREDIT,
169,DEBIT,11/16/2023,CHASE CREDIT CRD AUTOPAY PPD ID: ,-192.76,ACH_DEBIT,
170,DEBIT,11/15/2023,"Online Payment To BANK OF AMERICA, N.A. /",-550.28,BILLPAY,
171,DEBIT,11/15/2023,CHASE CREDIT CRD AUTOPAY PPD ID: ,-34.18,ACH_DEBIT,
172,CREDIT,11/15/2023,DISCOVER BANK PREARRANGE PPD ID: ,2000.0,ACH_CREDIT,
173,DEBIT,11/13/2023,KIDS KAMPUS CHIL PPD ID: ,-760.0,ACH_DEBIT,
174,DEBIT,11/09/2023,CAPITAL ONE CRCARDPMT SOEYZSZPUJZ WEB ID: ,-13.88,ACH_DEBIT,
175,DEBIT,11/09/2023,CHASE CREDIT CRD AUTOPAY PPD ID: ,-321.23,ACH_DEBIT,
176,CHECK,11/07/2023,CHECK ,-700.0,CHECK_PAID,3178.0
177,CREDIT,11/06/2023,DISCOVER BANK PREARRANGE PPD ID: ,1050.0,ACH_CREDIT,
178,DEBIT,11/02/2023,Nicor Gas GAS PAYMNT WEB ID: ,-42.57,ACH_DEBIT,
179,DEBIT,11/01/2023,AMEX EPAYMENT    ACH PMT    A0786           WEB ID: 6133133497,-645.25,ACH_DEBIT,
180,DEBIT,11/01/2023,Empyrean COBRA Premiums WEB ID: BEN,-971.9,ACH_DEBIT,
181,DEBIT,10/30/2023,AMEX EPAYMENT    ACH PMT    A4824           WEB ID: 6133133497,-683.04,ACH_DEBIT,
182,DEBIT,10/27/2023,AMEX EPAYMENT    ACH PMT    A6968           WEB ID: 6133133497,-517.1,ACH_DEBIT,
183,DEBIT,10/26/2023,APPLECARD GSBANK PAYMENT WEB ID: ,-200.0,ACH_DEBIT,
184,DEBIT,10/25/2023,Online Payment To First National Bank of Ottawa /,-5200.0,BILLPAY,
185,DEBIT,10/25/2023,AMEX EPAYMENT    ACH PMT    A9028           WEB ID: 6133133497,-336.9,ACH_DEBIT,
186,DEBIT,10/24/2023,VENMO PAYMENT WEB ID: ,-25.0,ACH_DEBIT,
187,DEBIT,10/23/2023,KIDS KAMPUS INC PPD ID: ,-770.0,ACH_DEBIT,
188,CREDIT,10/23/2023,DISCOVER BANK PREARRANGE PPD ID: ,4400.0,ACH_CREDIT,
189,DEBIT,10/19/2023,ATM WITHDRAWAL / HOBS,-60.0,ATM,
190,DEBIT,10/18/2023,ALLY LENDING - NY /,-124.91,DEBIT_CARD,
191,DEBIT,10/16/2023,"Online Payment To BANK OF AMERICA, N.A. /",-550.28,BILLPAY,
192,DEBIT,10/16/2023,CHASE CREDIT CRD AUTOPAY PPD ID: ,-386.66,ACH_DEBIT,
193,DEBIT,10/16/2023,CHASE CREDIT CRD AUTOPAY PPD ID: ,-138.0,ACH_DEBIT,
194,CREDIT,10/16/2023,DISCOVER BANK PREARRANGE PPD ID: F,5452.78,ACH_CREDIT,
195,DEBIT,10/10/2023,CAPITAL ONE CRCARDPMT SHHTOPGPFMSZXR WEB ID: ,-13.79,ACH_DEBIT,
196,DEBIT,10/10/2023,CHASE CREDIT CRD AUTOPAY PPD ID: ,-320.23,ACH_DEBIT,
197,DEBIT,10/10/2023,KIDS KAMPUS INC PPD ID: ,-770.0,ACH_DEBIT,
198,CREDIT,10/10/2023,"RBC Bank (Georgi PP TEETER,SARAH WEB ID: ",500.0,ACH_CREDIT,
199,DEBIT,10/05/2023,AMERICAN EXPRESS ACH PMT W WEB ID: ,-175.48,ACH_DEBIT,
200,DEBIT,10/04/2023,Nicor Gas GAS PAYMNT WEB ID: ,-38.57,ACH_DEBIT,
201,DEBIT,10/02/2023,AMEX EPAYMENT    ACH PMT    A8716           WEB ID: 6133133497,-645.25,ACH_DEBIT,
202,DEBIT,10/02/2023,APPLECARD GSBANK PAYMENT WEB ID: ,-175.0,ACH_DEBIT,
203,DEBIT,10/02/2023,Empyrean COBRA Premiums WEB ID: BEN,-971.9,ACH_DEBIT,
204,DEBIT,09/27/2023,AMERICAN EXPRESS ACH PMT A WEB ID: ,-107.66,ACH_DEBIT,
205,DEBIT,09/27/2023,AMEX EPAYMENT    ACH PMT    A9346           WEB ID: 6133133497,-683.04,ACH_DEBIT,
206,CREDIT,09/27/2023,DISCOVER BANK PREARRANGE PPD ID: ,3450.0,ACH_CREDIT,
207,DEBIT,09/26/2023,DUPAGE CO TAX DUPAGE CO WEB ID: ,-10227.55,ACH_DEBIT,
208,DEBIT,09/26/2023,AMEX EPAYMENT    ACH PMT    A4230           WEB ID: 6133133497,-517.1,ACH_DEBIT,
209,DEBIT,09/25/2023,AMEX EPAYMENT    ACH PMT    A1364           WEB ID: 6133133497,-336.9,ACH_DEBIT,
210,DEBIT,09/25/2023,KIDS KAMPUS INC PPD ID: ,-770.0,ACH_DEBIT,
211,DEBIT,09/22/2023,Online Payment To First National Bank of Ottawa /,-5200.0,BILLPAY,
212,CREDIT,09/22/2023,DISCOVER BANK PREARRANGE PPD ID: ,10800.0,ACH_CREDIT,
213,DEBIT,09/20/2023,ALLY LENDING - NY /,-124.91,DEBIT_CARD,
214,CREDIT,09/19/2023,DISCOVER BANK PREARRANGE PPD ID: ,5500.0,ACH_CREDIT,
215,DEBIT,09/18/2023,CHASE CREDIT CRD AUTOPAY PPD ID: ,-356.66,ACH_DEBIT,
216,DEBIT,09/15/2023,"Online Payment To BANK OF AMERICA, N.A. /",-550.28,BILLPAY,
217,DEBIT,09/15/2023,CHASE CREDIT CRD AUTOPAY PPD ID: ,-104.0,ACH_DEBIT,
218,DEBIT,09/13/2023,ATM WITHDRAWAL / HOBS,-60.0,ATM,
219,DEBIT,09/11/2023,CAPITAL ONE CRCARDPMT SBYBIKOBPKV WEB ID: ,-14.17,ACH_DEBIT,
220,DEBIT,09/11/2023,CHASE CREDIT CRD AUTOPAY PPD ID: ,-299.23,ACH_DEBIT,
221,DEBIT,09/11/2023,KIDS KAMPUS INC PPD ID: ,-770.0,ACH_DEBIT,
222,CREDIT,09/08/2023,DISCOVER BANK PREARRANGE PPD ID: ,4500.0,ACH_CREDIT,
223,CREDIT,09/06/2023,DISCOVER BANK PREARRANGE PPD ID: ,320.0,ACH_CREDIT,
224,DEBIT,09/05/2023,AMERICAN EXPRESS ACH PMT W WEB ID: ,-40.0,ACH_DEBIT,
225,DEBIT,09/05/2023,Nicor Gas GAS PAYMNT WEB ID: ,-37.25,ACH_DEBIT,
226,CREDIT,09/05/2023,DISCOVER BANK PREARRANGE PPD ID: ,200.0,ACH_CREDIT,
227,DEBIT,09/01/2023,AMEX EPAYMENT    ACH PMT    A7382           WEB ID: 6133133497,-645.25,ACH_DEBIT,
228,DEBIT,09/01/2023,Empyrean COBRA Premiums WEB ID: BEN,-971.9,ACH_DEBIT,
229,CREDIT,09/01/2023,VENMO CASHOUT PPD ID: ,20.0,ACH_CREDIT,
230,CREDIT,09/01/2023,DISCOVER BANK PREARRANGE PPD ID: ,700.0,ACH_CREDIT,
231,DEBIT,08/29/2023,APPLECARD GSBANK PAYMENT WEB ID: ,-175.0,ACH_DEBIT,
232,DEBIT,08/28/2023,AMERICAN EXPRESS ACH PMT A WEB ID: ,-60.72,ACH_DEBIT,
233,DEBIT,08/28/2023,AMEX EPAYMENT    ACH PMT    A0136           WEB ID: 6133133497,-517.1,ACH_DEBIT,
234,DEBIT,08/28/2023,AMEX EPAYMENT    ACH PMT    A9890           WEB ID: 6133133497,-683.04,ACH_DEBIT,
235,DEBIT,08/28/2023,KIDS KAMPUS INC PPD ID: ,-770.0,ACH_DEBIT,
236,DEBIT,08/25/2023,Online Payment To First National Bank of Ottawa /,-5200.0,BILLPAY,
237,DEBIT,08/25/2023,AMEX EPAYMENT    ACH PMT    A1944           WEB ID: 6133133497,-336.9,ACH_DEBIT,
238,CREDIT,08/25/2023,VENMO CASHOUT PPD ID: ,20.0,ACH_CREDIT,
239,CREDIT,08/25/2023,DISCOVER BANK PREARRANGE PPD ID: ,1500.0,ACH_CREDIT,
240,CREDIT,08/22/2023,DISCOVER BANK PREARRANGE PPD ID: ,2000.0,ACH_CREDIT,
241,CREDIT,08/21/2023,VENMO CASHOUT PPD ID: ,25.0,ACH_CREDIT,
242,DEBIT,08/18/2023,ALLY LENDING - NY /,-124.91,DEBIT_CARD,
243,DEBIT,08/16/2023,"Online Payment To BANK OF AMERICA, N.A. /",-550.28,BILLPAY,
244,DEBIT,08/16/2023,CHASE CREDIT CRD AUTOPAY PPD ID: ,-283.66,ACH_DEBIT,
245,DEBIT,08/15/2023,CHASE CREDIT CRD AUTOPAY PPD ID: ,-85.0,ACH_DEBIT,
246,CREDIT,08/15/2023,DISCOVER BANK PREARRANGE PPD ID: ,6000.0,ACH_CREDIT,
247,DEBIT,08/14/2023,KIDS KAMPUS INC PPD ID: ,-770.0,ACH_DEBIT,
248,DEBIT,08/09/2023,CAPITAL ONE CRCARDPMT SMCNXBQHLV WEB ID: ,-14.18,ACH_DEBIT,
249,DEBIT,08/09/2023,CHASE CREDIT CRD AUTOPAY PPD ID: ,-263.23,ACH_DEBIT,
250,CREDIT,08/07/2023,VENMO CASHOUT PPD ID: ,250.0,ACH_CREDIT,
251,DEBIT,08/04/2023,VENMO PAYMENT WEB ID: ,-55.0,ACH_DEBIT,
252,DEBIT,08/04/2023,Nicor Gas GAS PAYMNT WEB ID: ,-34.78,ACH_DEBIT,
253,DSLIP,08/04/2023,REMOTE ONLINE DEPOSIT # ,0.03,CHECK_DEPOSIT,1.0
254,CREDIT,08/02/2023,VENMO CASHOUT PPD ID: ,35.0,ACH_CREDIT,
255,CREDIT,08/02/2023,VENMO CASHOUT PPD ID: ,50.0,ACH_CREDIT,
256,DEBIT,08/01/2023,AMEX EPAYMENT    ACH PMT    A8102           WEB ID: 6133133497,-645.25,ACH_DEBIT,
257,DEBIT,08/01/2023,Empyrean COBRA Premiums WEB ID: BEN,-971.9,ACH_DEBIT,
258,DEBIT,07/31/2023,AMERICAN EXPRESS ACH PMT W WEB ID: ,-712.02,ACH_DEBIT,
259,DEBIT,07/31/2023,APPLECARD GSBANK PAYMENT WEB ID: ,-491.25,ACH_DEBIT,
260,DEBIT,07/31/2023,KIDS KAMPUS INC PPD ID: ,-750.0,ACH_DEBIT,
261,DEBIT,07/28/2023,VENMO PAYMENT WEB ID: ,-35.0,ACH_DEBIT,
262,DEBIT,07/28/2023,AMEX EPAYMENT    ACH PMT    A5286           WEB ID: 6133133497,-683.04,ACH_DEBIT,
263,DEBIT,07/27/2023,AMERICAN EXPRESS ACH PMT A WEB ID: ,-40.0,ACH_DEBIT,
264,DEBIT,07/27/2023,AMEX EPAYMENT    ACH PMT    A0882           WEB ID: 6133133497,-517.1,ACH_DEBIT,
265,DEBIT,07/25/2023,Online Payment To First National Bank of Ottawa /,-5200.0,BILLPAY,
266,DEBIT,07/25/2023,AMEX EPAYMENT    ACH PMT    A2942           WEB ID: 6133133497,-336.9,ACH_DEBIT,
267,CREDIT,07/24/2023,VENMO CASHOUT PPD ID: ,150.0,ACH_CREDIT,
268,DEBIT,07/18/2023,ALLY LENDING - NY /,-124.91,DEBIT_CARD,
269,DEBIT,07/17/2023,AMERICAN EXPRESS ACH PMT W WEB ID: ,-95.0,ACH_DEBIT,
270,DEBIT,07/17/2023,VENMO PAYMENT WEB ID: ,-50.0,ACH_DEBIT,
271,DEBIT,07/17/2023,CHASE CREDIT CRD AUTOPAY PPD ID: ,-40.0,ACH_DEBIT,
272,DEBIT,07/17/2023,CHASE CREDIT CRD AUTOPAY PPD ID: ,-215.66,ACH_DEBIT,
273,DEBIT,07/17/2023,KIDS KAMPUS INC PPD ID: ,-750.0,ACH_DEBIT,
274,DEBIT,07/10/2023,CHASE CREDIT CRD AUTOPAY PPD ID: ,-262.23,ACH_DEBIT,
275,CREDIT,07/07/2023,Work location 2,11130.31,ACH_CREDIT,
276,DEBIT,07/06/2023,Nicor Gas GAS PAYMNT WEB ID: ,-40.65,ACH_DEBIT,
277,DEBIT,07/06/2023,FIDELITY P FPRS PPD ID: ,-636.11,ACH_DEBIT,
278,DEBIT,07/03/2023,AMEX EPAYMENT    ACH PMT    A2258           WEB ID: 6133133497,-645.25,ACH_DEBIT,
279,DEBIT,07/03/2023,KIDS KAMPUS INC PPD ID: ,-750.0,ACH_DEBIT,
280,DEBIT,06/29/2023,AMERICAN EXPRESS ACH PMT W WEB ID: ,-589.43,ACH_DEBIT,
281,DEBIT,06/29/2023,AMERICAN EXPRESS ACH PMT W WEB ID: ,-594.81,ACH_DEBIT,
282,DEBIT,06/28/2023,BP#BP WASH-N-GO GLEN ELLYN IL /,-83.11,DEBIT_CARD,
283,DEBIT,06/27/2023,AMERICAN EXPRESS ACH PMT A WEB ID: ,-40.0,ACH_DEBIT,
284,DEBIT,06/27/2023,CASEYS FOODS W GAR NAPERVILLE IL /,-87.91,DEBIT_CARD,
285,DEBIT,06/27/2023,AMEX EPAYMENT    ACH PMT    A2348           WEB ID: 6133133497,-683.04,ACH_DEBIT,
286,DEBIT,06/27/2023,GLO NAIL LOUNGE NAPERVILLE IL /,-70.0,DEBIT_CARD,
287,DEBIT,06/26/2023,APPLECARD GSBANK PAYMENT WEB ID: ,-1250.0,ACH_DEBIT,
288,DEBIT,06/26/2023,AMEX EPAYMENT    ACH PMT    A1640           WEB ID: 6133133497,-517.1,ACH_DEBIT,
289,DEBIT,06/26/2023,AMEX EPAYMENT    ACH PMT    A3586           WEB ID: 6133133497,-336.9,ACH_DEBIT,
290,DEBIT,06/23/2023,Online Payment To First National Bank of Ottawa /,-5200.0,BILLPAY,
291,DEBIT,06/23/2023,"AUDI FINCL, INC. AUTO DEBIT WEB ID: ",-665.79,ACH_DEBIT,
292,CREDIT,06/23/2023,Work location 2,5809.05,ACH_CREDIT,
293,DEBIT,06/22/2023,MICHAEL GRAHAM SALON - NAPERVILLE IL /,-71.5,DEBIT_CARD,
294,CREDIT,06/21/2023,DISCOVER BANK PREARRANGE PPD ID: ,3000.0,ACH_CREDIT,
295,DEBIT,06/20/2023,KIDS KAMPUS INC PPD ID: ,-750.0,ACH_DEBIT,
296,DEBIT,06/20/2023,ALLY LENDING - NY /,-124.91,DEBIT_CARD,
297,DEBIT,06/15/2023,Payment to Chase card ending in /,-1500.0,LOAN_PMT,
298,DEBIT,06/14/2023,Payment to Chase card ending in /,-3320.57,LOAN_PMT,
299,DEBIT,06/13/2023,CAPITAL ONE ONLINE PMT RSMLAWTXDDB WEB ID: ,-13.82,ACH_DEBIT,
300,DEBIT,06/12/2023,VENMO PAYMENT WEB ID: ,-140.0,ACH_DEBIT,
301,CREDIT,06/12/2023,VENMO CASHOUT PPD ID: ,12.0,ACH_CREDIT,
302,DEBIT,06/09/2023,Payment to Chase card ending in /,-1637.29,LOAN_PMT,
303,DEBIT,06/09/2023,CHASE CREDIT CRD AUTOPAY PPD ID: ,-293.23,ACH_DEBIT,
304,CREDIT,06/09/2023,Work location 2,5810.31,ACH_CREDIT,
305,DEBIT,06/07/2023,ATM WITHDRAWAL / FOX,-200.0,ATM,
306,DEBIT,06/05/2023,AMERICAN EXPRESS ACH PMT W WEB ID: ,-545.86,ACH_DEBIT,
307,DEBIT,06/05/2023,KIDS KAMPUS INC PPD ID: ,-750.0,ACH_DEBIT,
308,DEBIT,06/05/2023,Nicor Gas GAS PAYMNT WEB ID: ,-55.89,ACH_DEBIT,
309,CREDIT,06/05/2023,VENMO CASHOUT PPD ID: ,70.0,ACH_CREDIT,
310,DEBIT,06/02/2023,AMERICAN EXPRESS ACH PMT W WEB ID: ,-1489.87,ACH_DEBIT,
311,DEBIT,06/01/2023,AMEX EPAYMENT    ACH PMT    A4542           WEB ID: 6133133497,-645.25,ACH_DEBIT,
312,DEBIT,06/01/2023,APPLECARD GSBANK PAYMENT WEB ID: ,-1500.0,ACH_DEBIT,
313,CREDIT,06/01/2023,VENMO CASHOUT PPD ID: ,45.0,ACH_CREDIT,
314,DEBIT,05/30/2023,DUPAGE CO TAX DUPAGE CO WEB ID: ,-10076.4,ACH_DEBIT,
315,DEBIT,05/30/2023,AMERICAN EXPRESS ACH PMT A WEB ID: ,-40.0,ACH_DEBIT,
316,DEBIT,05/30/2023,AMEX EPAYMENT    ACH PMT    A5818           WEB ID: 6133133497,-683.04,ACH_DEBIT,
317,DEBIT,05/30/2023,AMEX EPAYMENT    ACH PMT    A7534           WEB ID: 6133133497,-517.1,ACH_DEBIT,
318,CREDIT,05/26/2023,Work location 2,5810.31,ACH_CREDIT,
319,DEBIT,05/25/2023,AMEX EPAYMENT    ACH PMT    A4762           WEB ID: 6133133497,-336.9,ACH_DEBIT,
320,DEBIT,05/24/2023,Online Payment To First National Bank of Ottawa /,-5582.38,BILLPAY,
321,DEBIT,05/23/2023,"AUDI FINCL, INC. AUTO DEBIT WEB ID: ",-665.79,ACH_DEBIT,
322,DEBIT,05/22/2023,KIDS KAMPUS INC PPD ID: ,-830.0,ACH_DEBIT,
323,DEBIT,05/19/2023,ATM WITHDRAWAL / HOBS,-60.0,ATM,
324,DSLIP,05/18/2023,REMOTE ONLINE DEPOSIT # ,812.42,CHECK_DEPOSIT,1.0
325,DEBIT,05/17/2023,ALLY LENDING - NY /,-124.91,DEBIT_CARD,
326,DEBIT,05/15/2023,CAPITAL ONE ONLINE PMT RMHWYWITEYGF WEB ID: ,-13.61,ACH_DEBIT,
327,DEBIT,05/15/2023,Payment to Chase card ending in /,-658.84,ACCT_XFER,
328,DEBIT,05/15/2023,Payment to Chase card ending in /,-3877.52,ACCT_XFER,
329,DEBIT,05/15/2023,CHASE CREDIT CRD AUTOPAY PPD ID: ,-137.0,ACH_DEBIT,
330,DEBIT,05/12/2023,ATM WITHDRAWAL / HOBS,-40.0,ATM,
331,CREDIT,05/12/2023,Work location 2,5810.31,ACH_CREDIT,
332,DEBIT,05/11/2023,Payment to Chase card ending in /,-3200.69,ACCT_XFER,
333,DEBIT,05/09/2023,CHASE CREDIT CRD AUTOPAY PPD ID: ,-307.23,ACH_DEBIT,
334,DEBIT,05/08/2023,KIDS KAMPUS INC PPD ID: ,-830.0,ACH_DEBIT,
335,DEBIT,05/05/2023,Nicor Gas GAS PAYMNT WEB ID: ,-80.44,ACH_DEBIT,
336,CHECK,05/04/2023,CHECK ,-440.0,CHECK_PAID,3177.0
337,DEBIT,05/04/2023,AMERICAN EXPRESS ACH PMT W WEB ID: ,-373.41,ACH_DEBIT,
338,CREDIT,05/04/2023,IRS TREAS TAX REF PPD ID: ,1937.0,ACH_CREDIT,
339,DEBIT,05/02/2023,APPLECARD GSBANK PAYMENT WEB ID: ,-2978.9,ACH_DEBIT,
340,DEBIT,05/01/2023,COUNTER CHECK,-3.0,FEE_TRANSACTION,
341,DEBIT,05/01/2023,AMERICAN EXPRESS ACH PMT W WEB ID: ,-1762.48,ACH_DEBIT,
342,DEBIT,05/01/2023,AMEX EPAYMENT    ACH PMT    A4166           WEB ID: 6133133497,-645.25,ACH_DEBIT,
343,DSLIP,05/01/2023,DEPOSIT ID NUMBER ,136.82,DEPOSIT,
344,DEBIT,04/28/2023,DISCOVER E-PAYMENT WEB ID: ,-6.0,ACH_DEBIT,
345,CREDIT,04/28/2023,Work location 2,5715.01,ACH_CREDIT,
346,DEBIT,04/27/2023,AMERICAN EXPRESS ACH PMT A WEB ID: ,-48.52,ACH_DEBIT,
347,DEBIT,04/27/2023,AMEX EPAYMENT    ACH PMT    A8226           WEB ID: 6133133497,-683.04,ACH_DEBIT,
348,DEBIT,04/26/2023,AMEX EPAYMENT    ACH PMT    A9252           WEB ID: 6133133497,-517.1,ACH_DEBIT,
349,CHECK,04/24/2023,CHECK ,-1903.29,CHECK_PAID,4574.0
350,DEBIT,04/24/2023,Online Payment To First National Bank of Ottawa /,-5582.38,BILLPAY,
351,DEBIT,04/24/2023,AMEX EPAYMENT    ACH PMT    A0410           WEB ID: 6133133497,-336.9,ACH_DEBIT,
352,DEBIT,04/24/2023,"AUDI FINCL, INC. AUTO DEBIT WEB ID: ",-665.79,ACH_DEBIT,
353,DEBIT,04/24/2023,KIDS KAMPUS INC PPD ID: ,-830.0,ACH_DEBIT,
354,DEBIT,04/21/2023,ATM WITHDRAWAL / HOBS,-140.0,ATM,
355,DEBIT,04/20/2023,IL DEPT OF REVEN EDI PYMNTS WEB ID: ,-1040.0,ACH_DEBIT,
356,CREDIT,04/14/2023,Work location 2,5296.0,ACH_CREDIT,
357,DEBIT,04/13/2023,Payment to Chase card ending in /,-6305.49,ACCT_XFER,
358,DEBIT,04/13/2023,Payment to Chase card ending in /,-12863.62,ACCT_XFER,
359,DEBIT,04/13/2023,ALLY LENDING - NY /,-124.91,DEBIT_CARD,
360,CREDIT,04/11/2023,Zelle payment from JAKE WALISIAK ,100.0,QUICKPAY_CREDIT,
361,DEBIT,04/10/2023,CAPITAL ONE CRCARDPMT REVHSEWSNSF WEB ID: ,-13.61,ACH_DEBIT,
362,DEBIT,04/10/2023,KIDS KAMPUS INC PPD ID: ,-720.0,ACH_DEBIT,
363,DEBIT,04/06/2023,Payment to Chase card ending in /,-4814.77,ACCT_XFER,
364,DEBIT,04/06/2023,ATM WITHDRAWAL / HOBS,-40.0,ATM,
365,DEBIT,04/05/2023,Nicor Gas GAS PAYMNT WEB ID: ,-111.78,ACH_DEBIT,
366,DEBIT,04/03/2023,AMEX EPAYMENT    ACH PMT    A9110           WEB ID: 6133133497,-645.25,ACH_DEBIT,
367,DEBIT,03/31/2023,AMERICAN EXPRESS ACH PMT W WEB ID: ,-641.27,ACH_DEBIT,
368,DEBIT,03/31/2023,DISCOVER E-PAYMENT WEB ID: ,-6.0,ACH_DEBIT,
369,DEBIT,03/31/2023,APPLECARD GSBANK PAYMENT WEB ID: ,-228.37,ACH_DEBIT,
370,CREDIT,03/31/2023,Work location 2,5296.01,ACH_CREDIT,
371,DEBIT,03/30/2023,Online Transfer to RBC Bank USA ##### transaction #: /,-50.0,ACCT_XFER,
372,DEBIT,03/30/2023,Online Transfer to Bruce - RBC Checking ##### transaction #: /,-40.0,ACCT_XFER,
373,DEBIT,03/29/2023,AMERICAN EXPRESS ACH PMT W WEB ID: ,-1558.79,ACH_DEBIT,
374,DEBIT,03/28/2023,AMERICAN EXPRESS ACH PMT A WEB ID: ,-42.94,ACH_DEBIT,
375,DEBIT,03/28/2023,AMEX EPAYMENT    ACH PMT    A2206           WEB ID: 6133133497,-683.04,ACH_DEBIT,
376,DEBIT,03/27/2023,Payment to Chase card ending in /,-3000.0,ACCT_XFER,
377,DEBIT,03/27/2023,AMEX EPAYMENT    ACH PMT    A5340           WEB ID: 6133133497,-517.1,ACH_DEBIT,
378,DEBIT,03/27/2023,AMEX EPAYMENT    ACH PMT    A6336           WEB ID: 6133133497,-336.9,ACH_DEBIT,
379,DEBIT,03/27/2023,KIDS KAMPUS INC PPD ID: ,-840.0,ACH_DEBIT,
380,DEBIT,03/24/2023,Online Payment To First National Bank of Ottawa /,-5582.38,BILLPAY,
381,CREDIT,03/24/2023,Work location 2,61589.1,ACH_CREDIT,
382,DEBIT,03/23/2023,"AUDI FINCL, INC. AUTO DEBIT WEB ID: ",-665.79,ACH_DEBIT,
383,DEBIT,03/21/2023,CAPITAL ONE ONLINE PMT RAVYBAFEJGNRHR WEB ID: ,-13.79,ACH_DEBIT,
384,DEBIT,03/20/2023,Zelle payment to ProspecTile JPMuupem,-1110.0,CHASE_TO_PARTNERFI,
385,DEBIT,03/17/2023,IL DEPT OF REVEN EDI PYMNTS WEB ID: ,-677.0,ACH_DEBIT,
386,CREDIT,03/17/2023,Work location 2,5296.01,ACH_CREDIT,
387,DEBIT,03/16/2023,CHASE CREDIT CRD AUTOPAY PPD ID: ,-301.0,ACH_DEBIT,
388,DEBIT,03/15/2023,CHASE CREDIT CRD AUTOPAY PPD ID: ,-197.0,ACH_DEBIT,
389,DEBIT,03/15/2023,Payment to Chase card ending in /,-197.0,ACCT_XFER,
390,DEBIT,03/14/2023,ALLY LENDING - NY /,-124.91,DEBIT_CARD,
391,DEBIT,03/13/2023,KIDS KAMPUS INC PPD ID: ,-840.0,ACH_DEBIT,
392,DEBIT,03/08/2023,Zelle payment to ProspecTile JPMttszr,-390.0,CHASE_TO_PARTNERFI,
393,DEBIT,03/08/2023,Payment to Chase card ending in /,-1000.0,ACCT_XFER,
394,DEBIT,03/06/2023,AMERICAN EXPRESS ACH PMT W WEB ID: ,-343.18,ACH_DEBIT,
395,DEBIT,03/06/2023,Nicor Gas GAS PAYMNT WEB ID: ,-152.71,ACH_DEBIT,
396,CREDIT,03/03/2023,Work location 2,5068.13,ACH_CREDIT,
397,DEBIT,03/02/2023,AMERICAN EXPRESS ACH PMT W WEB ID: ,-600.0,ACH_DEBIT,
398,CREDIT,03/02/2023,Kabbage TRANSFER PPD ID: ,1000.0,ACH_CREDIT,
399,DEBIT,03/01/2023,APPLECARD GSBANK PAYMENT WEB ID: ,-237.53,ACH_DEBIT,
400,DEBIT,03/01/2023,AMEX EPAYMENT    ACH PMT    A9204           WEB ID: 6133133497,-645.25,ACH_DEBIT,
401,DEBIT,02/27/2023,AMERICAN EXPRESS ACH PMT A WEB ID: ,-40.0,ACH_DEBIT,
402,DEBIT,02/27/2023,KIDS KAMPUS INC PPD ID: ,-840.0,ACH_DEBIT,
403,DEBIT,02/27/2023,AMEX EPAYMENT    ACH PMT    A8082           WEB ID: 6133133497,-683.04,ACH_DEBIT,
404,DEBIT,02/24/2023,AMEX EPAYMENT    ACH PMT    A6026           WEB ID: 6133133497,-517.1,ACH_DEBIT,
405,DEBIT,02/23/2023,"AUDI FINCL, INC. AUTO DEBIT WEB ID: ",-665.79,ACH_DEBIT,
406,CREDIT,02/23/2023,Kabbage TRANSFER PPD ID: ,2000.0,ACH_CREDIT,
407,DEBIT,02/22/2023,Online Payment To First National Bank of Ottawa /,-5582.38,BILLPAY,
408,DEBIT,02/22/2023,AMEX EPAYMENT    ACH PMT    A0056           WEB ID: 6133133497,-336.9,ACH_DEBIT,
409,CREDIT,02/17/2023,Work location 2,5068.13,ACH_CREDIT,
410,DEBIT,02/16/2023,ALLY LENDING - NY /,-200.0,DEBIT_CARD,
411,DEBIT,02/15/2023,Payment to Chase card ending in /,-1000.0,ACCT_XFER,
412,DEBIT,02/14/2023,Payment to Chase card ending in /,-1000.0,ACCT_XFER,
413,DEBIT,02/13/2023,KIDS KAMPUS INC PPD ID: ,-840.0,ACH_DEBIT,
414,CREDIT,02/13/2023,Kabbage TRANSFER PPD ID: ,2800.0,ACH_CREDIT,
415,DEBIT,02/09/2023,CAPITAL ONE CRCARDPMT RFFRBTGDZ WEB ID: ,-13.73,ACH_DEBIT,
416,DEBIT,02/08/2023,Payment to Chase card ending in /,-3316.76,ACCT_XFER,
417,DEBIT,02/06/2023,AMERICAN EXPRESS ACH PMT W WEB ID: ,-1278.1,ACH_DEBIT,
418,CREDIT,02/03/2023,Work location 2,5068.11,ACH_CREDIT,
419,DEBIT,02/02/2023,AMERICAN EXPRESS ACH PMT W WEB ID: ,-783.06,ACH_DEBIT,
420,DEBIT,02/02/2023,Nicor Gas GAS PAYMNT WEB ID: ,-178.63,ACH_DEBIT,
421,DEBIT,02/01/2023,AMEX EPAYMENT    ACH PMT    A8578           WEB ID: 6133133497,-645.25,ACH_DEBIT,
422,DEBIT,01/31/2023,APPLECARD GSBANK PAYMENT WEB ID: ,-625.11,ACH_DEBIT,
423,CREDIT,01/31/2023,Kabbage TRANSFER PPD ID: ,4300.0,ACH_CREDIT,
424,DEBIT,01/30/2023,AMERICAN EXPRESS ACH PMT A WEB ID: ,-40.0,ACH_DEBIT,
425,DEBIT,01/30/2023,KIDS KAMPUS INC PPD ID: ,-840.0,ACH_DEBIT,
426,DEBIT,01/30/2023,AMEX EPAYMENT    ACH PMT    A8886           WEB ID: 6133133497,-683.04,ACH_DEBIT,
427,DEBIT,01/27/2023,AMEX EPAYMENT    ACH PMT    A4280           WEB ID: 6133133497,-517.1,ACH_DEBIT,
428,CREDIT,01/27/2023,VENMO CASHOUT PPD ID: ,650.0,ACH_CREDIT,
429,DEBIT,01/25/2023,Online Payment To First National Bank of Ottawa /,-5582.38,BILLPAY,
430,DEBIT,01/25/2023,AMEX EPAYMENT    ACH PMT    A4642           WEB ID: 6133133497,-336.9,ACH_DEBIT,
431,DEBIT,01/23/2023,"AUDI FINCL, INC. AUTO DEBIT WEB ID: ",-665.79,ACH_DEBIT,
432,CREDIT,01/20/2023,Work location 2,5068.13,ACH_CREDIT,
433,DEBIT,01/18/2023,CAPITAL ONE ONLINE PMT QXSWIPHYE WEB ID: ,-13.73,ACH_DEBIT,
434,DEBIT,01/17/2023,CHASE CREDIT CRD AUTOPAY PPD ID: ,-78.0,ACH_DEBIT,
435,DEBIT,01/17/2023,KIDS KAMPUS INC PPD ID: ,-900.0,ACH_DEBIT,
436,DEBIT,01/11/2023,ATM WITHDRAWAL / HOBS,-200.0,ATM,
437,DEBIT,01/09/2023,Payment to Chase card ending in /,-2287.23,ACCT_XFER,
438,DEBIT,01/09/2023,ALLY LENDING - NY /,-200.0,DEBIT_CARD,
439,CREDIT,01/06/2023,Work location 2,5068.13,ACH_CREDIT,
440,DEBIT,01/04/2023,AMERICAN EXPRESS ACH PMT W WEB ID: ,-376.98,ACH_DEBIT,
441,DEBIT,01/04/2023,Nicor Gas GAS PAYMNT WEB ID: ,-177.42,ACH_DEBIT,
442,DEBIT,01/04/2023,KIDS KAMPUS INC PPD ID: ,-840.0,ACH_DEBIT,
443,DEBIT,01/03/2023,APPLECARD GSBANK PAYMENT WEB ID: ,-232.73,ACH_DEBIT,
444,DEBIT,01/03/2023,AMEX EPAYMENT    ACH PMT    A2782           WEB ID: 6133133497,-645.25,ACH_DEBIT,
445,DEBIT,12/29/2022,AMERICAN EXPRESS ACH PMT M WEB ID: ,-2673.4,ACH_DEBIT,
446,DEBIT,12/29/2022,Payment to Chase card ending in /,-500.0,ACCT_XFER,
447,DEBIT,12/29/2022,DISCOVER E-PAYMENT WEB ID: ,-6.0,ACH_DEBIT,
448,DEBIT,12/28/2022,AMEX EPAYMENT    ACH PMT    A4256           WEB ID: 6133133497,-683.04,ACH_DEBIT,
449,DEBIT,12/27/2022,AMEX EPAYMENT    ACH PMT    A1896           WEB ID: 6133133497,-336.9,ACH_DEBIT,
450,DEBIT,12/27/2022,AMEX EPAYMENT    ACH PMT    A3256           WEB ID: 6133133497,-517.1,ACH_DEBIT,
451,DEBIT,12/23/2022,"AUDI FINCL, INC. AUTO DEBIT WEB ID: ",-665.79,ACH_DEBIT,
452,CREDIT,12/23/2022,Work location 2,5473.36,ACH_CREDIT,
453,DEBIT,12/22/2022,Online Payment To First National Bank of Ottawa /,-5582.38,BILLPAY,
454,CREDIT,12/22/2022,Kabbage TRANSFER PPD ID: ,3000.0,ACH_CREDIT,
455,DEBIT,12/19/2022,KIDS KAMPUS INC PPD ID: ,-758.0,ACH_DEBIT,
456,DEBIT,12/19/2022,WITHDRAWAL /,-1400.0,MISC_DEBIT,
457,DEBIT,12/19/2022,ATM WITHDRAWAL / E LAK,-200.0,ATM,
458,DEBIT,12/19/2022,CAPITAL ONE ONLINE PMT NUKHEAJ WEB ID: ,-13.92,ACH_DEBIT,
459,DEBIT,12/16/2022,Payment to Chase card ending in /,-693.75,ACCT_XFER,
460,DEBIT,12/14/2022,Payment to Chase card ending in /,-300.0,ACCT_XFER,
461,DEBIT,12/14/2022,VENMO PAYMENT WEB ID: ,-20.0,ACH_DEBIT,
462,CREDIT,12/14/2022,Kabbage TRANSFER PPD ID: ,1500.0,ACH_CREDIT,
463,DEBIT,12/13/2022,ALLY LENDING - NY /,-200.0,DEBIT_CARD,
464,CREDIT,12/09/2022,Work location 2,5473.36,ACH_CREDIT,
465,DEBIT,12/07/2022,Payment to Chase card ending in /,-2025.36,ACCT_XFER,
466,CREDIT,12/06/2022,Kabbage TRANSFER PPD ID: ,2000.0,ACH_CREDIT,
467,DEBIT,12/05/2022,KIDS KAMPUS INC PPD ID: ,-840.0,ACH_DEBIT,
468,DEBIT,12/02/2022,DISCOVER E-PAYMENT WEB ID: ,-6.0,ACH_DEBIT,
469,DEBIT,12/02/2022,Nicor Gas GAS PAYMNT WEB ID: ,-98.65,ACH_DEBIT,
470,CREDIT,12/02/2022,Kabbage TRANSFER PPD ID: ,4000.0,ACH_CREDIT,
471,DEBIT,12/01/2022,AMERICAN EXPRESS ACH PMT W WEB ID: ,-580.88,ACH_DEBIT,
472,DEBIT,12/01/2022,AMERICAN EXPRESS ACH PMT W WEB ID: ,-3027.27,ACH_DEBIT,
473,DEBIT,12/01/2022,AMEX EPAYMENT    ACH PMT    W5590           WEB ID: 6133133497,-700.0,ACH_DEBIT,
474,DEBIT,12/01/2022,APPLECARD GSBANK PAYMENT WEB ID: ,-124.32,ACH_DEBIT,
475,DEBIT,12/01/2022,AMEX EPAYMENT    ACH PMT    A5372           WEB ID: 6133133497,-645.25,ACH_DEBIT,
476,DEBIT,11/29/2022,DISCOVER BANK NET/MOBILE WEB ID: ,-800.0,ACH_DEBIT,
477,DEBIT,11/28/2022,AMEX EPAYMENT    ACH PMT    A9010           WEB ID: 6133133497,-517.1,ACH_DEBIT,
478,DEBIT,11/25/2022,AMEX EPAYMENT    ACH PMT    A1012           WEB ID: 6133133497,-336.9,ACH_DEBIT,
479,CREDIT,11/25/2022,Work location 2,5473.37,ACH_CREDIT,
480,DEBIT,11/23/2022,Online Payment To First National Bank of Ottawa /,-5582.38,BILLPAY,
481,DEBIT,11/23/2022,"AUDI FINCL, INC. AUTO DEBIT WEB ID: ",-665.79,ACH_DEBIT,
482,DEBIT,11/21/2022,ALLY LENDING - NY /,-200.0,DEBIT_CARD,
483,DEBIT,11/21/2022,KIDS KAMPUS INC PPD ID: ,-840.0,ACH_DEBIT,
484,DEBIT,11/17/2022,CAPITAL ONE ONLINE PMT MUHTZLWTAPYN WEB ID: ,-13.95,ACH_DEBIT,
485,DEBIT,11/14/2022,Payment to Chase card ending in /,-1330.89,ACCT_XFER,
486,CREDIT,11/10/2022,Work location 2,5473.36,ACH_CREDIT,
487,DEBIT,11/08/2022,KIDS KAMPUS INC PPD ID: ,-840.0,ACH_DEBIT,
488,DEBIT,11/07/2022,Payment to Chase card ending in /,-3433.09,ACCT_XFER,
489,DEBIT,11/07/2022,AMERICAN EXPRESS ACH PMT M WEB ID: ,-1143.74,ACH_DEBIT,
490,DEBIT,11/02/2022,Payment to Chase card ending in /,-17345.28,ACCT_XFER,
491,DEBIT,11/02/2022,DISCOVER E-PAYMENT WEB ID: ,-5.0,ACH_DEBIT,
492,DEBIT,11/02/2022,Nicor Gas GAS PAYMNT WEB ID: ,-63.7,ACH_DEBIT,
493,CREDIT,11/02/2022,AMEX EPAYMENT    AMEX LOAN                  PPD ID: 6133133497,25000.0,ACH_CREDIT,
494,DEBIT,11/01/2022,AMERICAN EXPRESS ACH PMT W WEB ID: ,-2101.62,ACH_DEBIT,
495,DEBIT,11/01/2022,AMEX EPAYMENT    ACH PMT    A3410           WEB ID: 6133133497,-645.25,ACH_DEBIT,
496,DEBIT,11/01/2022,APPLECARD GSBANK PAYMENT WEB ID: ,-1776.41,ACH_DEBIT,
497,CREDIT,10/28/2022,Work location 2,5473.37,ACH_CREDIT,
498,DEBIT,10/27/2022,AMEX EPAYMENT    ACH PMT    A4058           WEB ID: 6133133497,-517.1,ACH_DEBIT,
499,CREDIT,10/26/2022,VENMO CASHOUT PPD ID: ,40.0,ACH_CREDIT,
500,DEBIT,10/25/2022,Online Payment To First National Bank of Ottawa /,-5582.38,BILLPAY,
501,DEBIT,10/25/2022,CAPITAL ONE ONLINE PMT MPNPYWPABQN WEB ID: ,-42.92,ACH_DEBIT,
502,DEBIT,10/25/2022,AMEX EPAYMENT    ACH PMT    A4018           WEB ID: 6133133497,-336.9,ACH_DEBIT,
503,CREDIT,10/25/2022,Kabbage TRANSFER PPD ID: ,2000.0,ACH_CREDIT,
504,DEBIT,10/24/2022,Payment to Chase card ending in /,-200.0,ACCT_XFER,
505,DEBIT,10/24/2022,"AUDI FINCL, INC. AUTO DEBIT WEB ID: ",-665.79,ACH_DEBIT,
506,DEBIT,10/24/2022,KIDS KAMPUS INC PPD ID: ,-830.0,ACH_DEBIT,
507,DSLIP,10/20/2022,REMOTE ONLINE DEPOSIT # ,417.0,CHECK_DEPOSIT,1.0
508,DEBIT,10/18/2022,Payment to Chase card ending in /,-300.0,ACCT_XFER,
509,DEBIT,10/17/2022,ATM WITHDRAWAL / E LAK,-500.0,ATM,
510,DSLIP,10/17/2022,DEPOSIT ID NUMBER ,135.38,DEPOSIT,
511,DEBIT,10/14/2022,Payment to Chase card ending in /,-1752.69,ACCT_XFER,
512,CREDIT,10/14/2022,Work location 2,5473.36,ACH_CREDIT,
513,DEBIT,10/11/2022,ATM WITHDRAWAL / S MAIN,-200.0,ATM,
514,DEBIT,10/11/2022,Payment to Chase card ending in /,-1735.88,ACCT_XFER,
515,DEBIT,10/11/2022,KIDS KAMPUS INC PPD ID: ,-820.0,ACH_DEBIT,
516,DEBIT,10/11/2022,ALLY LENDING - NY /,-500.0,DEBIT_CARD,
517,CREDIT,10/11/2022,Kabbage TRANSFER PPD ID: ,2000.0,ACH_CREDIT,
518,DEBIT,10/04/2022,Nicor Gas GAS PAYMNT WEB ID: ,-48.34,ACH_DEBIT,
519,DEBIT,10/04/2022,Payment to Chase card ending in /,-500.0,ACCT_XFER,
520,DEBIT,10/03/2022,DISCOVER E-PAYMENT WEB ID: ,-5.0,ACH_DEBIT,
521,DEBIT,10/03/2022,AMEX EPAYMENT    ACH PMT    A3934           WEB ID: 6133133497,-645.25,ACH_DEBIT,
522,DEBIT,09/30/2022,AMERICAN EXPRESS ACH PMT W WEB ID: ,-1126.36,ACH_DEBIT,
523,DEBIT,09/30/2022,AMERICAN EXPRESS ACH PMT W WEB ID: ,-2122.77,ACH_DEBIT,
524,CREDIT,09/30/2022,Work location 2,5473.36,ACH_CREDIT,
525,CREDIT,09/27/2022,Kabbage TRANSFER PPD ID: ,4000.0,ACH_CREDIT,
526,DEBIT,09/26/2022,APPLECARD GSBANK PAYMENT WEB ID: ,-649.62,ACH_DEBIT,
527,DEBIT,09/26/2022,AMEX EPAYMENT    ACH PMT    A0726           WEB ID: 6133133497,-517.1,ACH_DEBIT,
528,DEBIT,09/26/2022,AMEX EPAYMENT    ACH PMT    A7878           WEB ID: 6133133497,-336.9,ACH_DEBIT,
529,DEBIT,09/26/2022,KIDS KAMPUS INC PPD ID: ,-820.0,ACH_DEBIT,
530,DEBIT,09/23/2022,Online Payment To First National Bank of Ottawa /,-5582.38,BILLPAY,
531,DEBIT,09/23/2022,"AUDI FINCL, INC. AUTO DEBIT WEB ID: ",-665.79,ACH_DEBIT,
532,CREDIT,09/16/2022,Work location 2,5473.37,ACH_CREDIT,
533,DEBIT,09/13/2022,Payment to Chase card ending in /,-1562.58,ACCT_XFER,
534,DEBIT,09/12/2022,KIDS KAMPUS INC PPD ID: ,-880.0,ACH_DEBIT,
535,DEBIT,09/08/2022,Payment to Chase card ending in /,-1907.06,ACCT_XFER,
536,DEBIT,09/08/2022,ALLY LENDING - NY /,-500.0,DEBIT_CARD,
537,CREDIT,09/08/2022,Kabbage TRANSFER PPD ID: ,5500.0,ACH_CREDIT,
538,DEBIT,09/07/2022,Nicor Gas GAS PAYMNT WEB ID: ,-54.27,ACH_DEBIT,
539,DEBIT,09/06/2022,AMERICAN EXPRESS ACH PMT M WEB ID: ,-1169.25,ACH_DEBIT,
540,DEBIT,09/06/2022,Payment to Chase card ending in /,-1000.0,ACCT_XFER,
541,DEBIT,09/02/2022,AMERICAN EXPRESS ACH PMT M WEB ID: ,-2865.11,ACH_DEBIT,
542,DEBIT,09/02/2022,VENMO PAYMENT WEB ID: ,-600.0,ACH_DEBIT,
543,CREDIT,09/02/2022,Work location 2,5473.37,ACH_CREDIT,
544,DEBIT,09/01/2022,AMEX EPAYMENT    ACH PMT    A0694           WEB ID: 6133133497,-645.25,ACH_DEBIT,
545,DEBIT,08/31/2022,APPLECARD GSBANK PAYMENT WEB ID: ,-173.42,ACH_DEBIT,
546,DEBIT,08/31/2022,DISCOVER E-PAYMENT WEB ID: ,-5.0,ACH_DEBIT,
547,DEBIT,08/31/2022,Collector Online onlinetax DCITAX WEB ID: ,-9727.91,ACH_DEBIT,
548,CREDIT,08/30/2022,Kabbage TRANSFER PPD ID: ,3000.0,ACH_CREDIT,
549,DEBIT,08/29/2022,AMEX EPAYMENT    ACH PMT    A5242           WEB ID: 6133133497,-517.1,ACH_DEBIT,
550,DEBIT,08/29/2022,KIDS KAMPUS INC PPD ID: ,-880.0,ACH_DEBIT,
551,DEBIT,08/25/2022,Online Payment To First National Bank of Ottawa /,-5582.38,BILLPAY,
552,DEBIT,08/25/2022,AMEX EPAYMENT    ACH PMT    A2294           WEB ID: 6133133497,-336.9,ACH_DEBIT,
553,CREDIT,08/25/2022,Kabbage TRANSFER PPD ID: ,10000.0,ACH_CREDIT,
554,DEBIT,08/23/2022,"AUDI FINCL, INC. AUTO DEBIT WEB ID: ",-665.79,ACH_DEBIT,
555,DEBIT,08/22/2022,Payment to Chase card ending in /,-1000.0,ACCT_XFER,
556,DEBIT,08/19/2022,CAPITAL ONE ONLINE PMT MBPHYTXXWVZJ WEB ID: ,-14.53,ACH_DEBIT,
557,CREDIT,08/19/2022,Work location 2,5473.36,ACH_CREDIT,
558,DEBIT,08/15/2022,Payment to Chase card ending in /,-1000.0,ACCT_XFER,
559,DEBIT,08/15/2022,Payment to Chase card ending in /,-500.0,ACCT_XFER,
560,DEBIT,08/15/2022,KIDS KAMPUS INC PPD ID: ,-528.0,ACH_DEBIT,
561,DEBIT,08/12/2022,Payment to Chase card ending in /,-1891.41,ACCT_XFER,
562,DEBIT,08/08/2022,NON-CHASE ATM FEE-WITH,-3.0,FEE_TRANSACTION,
563,DEBIT,08/08/2022,NON-CHASE ATM WITHDRAW / N ASH,-124.5,ATM,
564,DEBIT,08/08/2022,Payment to Chase card ending in /,-2297.53,ACCT_XFER,
565,DEBIT,08/08/2022,Nicor Gas GAS PAYMNT WEB ID: ,-58.8,ACH_DEBIT,
566,CREDIT,08/05/2022,Work location 2,5473.37,ACH_CREDIT,
567,DEBIT,08/03/2022,DISCOVER E-PAYMENT WEB ID: ,-5.0,ACH_DEBIT,
568,DEBIT,08/01/2022,CAPITAL ONE ONLINE PMT MHOLPAQSMWHB WEB ID: ,-14.43,ACH_DEBIT,
569,DEBIT,08/01/2022,AMEX EPAYMENT    ACH PMT    A4426           WEB ID: 6133133497,-645.25,ACH_DEBIT,
570,DEBIT,08/01/2022,AMERICAN EXPRESS ACH PMT W WEB ID: ,-890.94,ACH_DEBIT,
571,DEBIT,08/01/2022,AMERICAN EXPRESS ACH PMT W WEB ID: ,-1274.54,ACH_DEBIT,
572,DEBIT,08/01/2022,KIDS KAMPUS INC PPD ID: ,-840.0,ACH_DEBIT,
573,DEBIT,07/27/2022,Payment to Chase card ending in /,-1000.0,ACCT_XFER,
574,DEBIT,07/27/2022,AMEX EPAYMENT    ACH PMT    A1590           WEB ID: 6133133497,-517.1,ACH_DEBIT,
575,CHECK,07/26/2022,CHECK ,-215.0,CHECK_PAID,4573.0
576,DEBIT,07/26/2022,APPLECARD GSBANK PAYMENT WEB ID: ,-404.55,ACH_DEBIT,
577,DEBIT,07/25/2022,Online Payment To First National Bank of Ottawa /,-5582.38,BILLPAY,
578,DEBIT,07/25/2022,AMEX EPAYMENT    ACH PMT    A6780           WEB ID: 6133133497,-336.9,ACH_DEBIT,
579,DEBIT,07/25/2022,"AUDI FINCL, INC. AUTO DEBIT WEB ID: ",-665.79,ACH_DEBIT,
580,CREDIT,07/22/2022,Work location 2,5497.44,ACH_CREDIT,
581,CREDIT,07/22/2022,Kabbage TRANSFER PPD ID: ,6000.0,ACH_CREDIT,
582,DEBIT,07/21/2022,Payment to Chase card ending in /,-1000.0,ACCT_XFER,
583,DEBIT,07/19/2022,AMERICAN EXPRESS ACH PMT W WEB ID: ,-95.0,ACH_DEBIT,
584,DEBIT,07/19/2022,ATM WITHDRAWAL / S MAIN,-40.0,ATM,
585,DEBIT,07/18/2022,KIDS KAMPUS INC PPD ID: ,-840.0,ACH_DEBIT,
586,DEBIT,07/13/2022,Payment to Chase card ending in /,-5640.42,ACCT_XFER,
587,DEBIT,07/13/2022,ATM WITHDRAWAL / HOBS,-220.0,ATM,
588,DEBIT,07/08/2022,IL DEPT OF REVEN EDI PYMNTS WEB ID: ,-28.27,ACH_DEBIT,
589,CREDIT,07/08/2022,Work location 2,5544.97,ACH_CREDIT,
590,CHECK,07/07/2022,CHECK ,-500.0,CHECK_PAID,4572.0
591,DEBIT,07/07/2022,Payment to Chase card ending in /,-6975.05,ACCT_XFER,
592,DEBIT,07/06/2022,COUNTER CHECK,-2.0,FEE_TRANSACTION,
593,DEBIT,07/06/2022,Nicor Gas GAS PAYMNT WEB ID: ,-65.64,ACH_DEBIT,
594,DEBIT,07/06/2022,VENMO PAYMENT WEB ID: ,-100.0,ACH_DEBIT,
595,DEBIT,07/05/2022,KIDS KAMPUS INC PPD ID: ,-840.0,ACH_DEBIT,
596,DEBIT,07/01/2022,APPLECARD GSBANK PAYMENT WEB ID: ,-944.62,ACH_DEBIT,
597,DEBIT,07/01/2022,DISCOVER E-PAYMENT WEB ID: ,-10.1,ACH_DEBIT,
598,DEBIT,07/01/2022,AMEX EPAYMENT    ACH PMT    A1920           WEB ID: 6133133497,-645.25,ACH_DEBIT,
599,DEBIT,06/30/2022,CAPITAL ONE ONLINE PMT MLWAVFEVZE WEB ID: ,-14.58,ACH_DEBIT,
600,DEBIT,06/30/2022,AMERICAN EXPRESS ACH PMT W WEB ID: ,-786.4,ACH_DEBIT,
601,DEBIT,06/30/2022,AMERICAN EXPRESS ACH PMT W WEB ID: ,-2496.42,ACH_DEBIT,
602,DEBIT,06/27/2022,AMEX EPAYMENT    ACH PMT    A1460           WEB ID: 6133133497,-517.1,ACH_DEBIT,
603,DEBIT,06/24/2022,ATM WITHDRAWAL / S MAIN,-40.0,ATM,
604,DEBIT,06/24/2022,Online Payment To First National Bank of Ottawa /,-5582.38,BILLPAY,
605,DEBIT,06/24/2022,AMEX EPAYMENT    ACH PMT    A1030           WEB ID: 6133133497,-336.9,ACH_DEBIT,
606,CREDIT,06/24/2022,Work location 2,5544.97,ACH_CREDIT,
607,DEBIT,06/23/2022,"AUDI FINCL, INC. AUTO DEBIT WEB ID: ",-665.79,ACH_DEBIT,
608,DEBIT,06/22/2022,Payment to Chase card ending in /,-2000.0,ACCT_XFER,
609,DEBIT,06/21/2022,KIDS KAMPUS INC PPD ID: ,-840.0,ACH_DEBIT,
610,CREDIT,06/21/2022,VENMO CASHOUT PPD ID: ,200.0,ACH_CREDIT,
611,CHECK,06/14/2022,CHECK ,-2184.4,CHECK_PAID,1770.0
612,DEBIT,06/13/2022,Payment to Chase card ending in /,-972.57,ACCT_XFER,
613,DEBIT,06/13/2022,Payment to Chase card ending in /,-700.0,ACCT_XFER,
