,Transaction Date,Post Date,Description,Category,Type,Amount,Memo
0,06/09/2024,06/10/2024,AIR TRANSAT SXJFY,Travel,Sale,-219.83,
1,06/09/2024,06/10/2024,AIR TRANSAT SXJFY,Travel,Sale,-2956.63,
2,06/08/2024,06/09/2024,COOPERS HAWK NAPERVILLE,Food & Drink,Sale,-7.38,
3,06/07/2024,06/09/2024,GLO NAIL LOUNGE,Personal,Sale,-65.0,
4,06/07/2024,06/09/2024,TST* JOJOS SHAKE BAR - N,Food & Drink,Sale,-7.65,
5,06/07/2024,06/07/2024,Payment Thank You - Web,,Payment,2000.0,
6,06/06/2024,06/07/2024,LinkedIn Pre P,Bills & Utilities,Sale,-69.99,
7,06/05/2024,06/06/2024,DD DOORDASH NICKSREDH,Food & Drink,Sale,-58.61,
8,06/03/2024,06/04/2024,CASEYS FOODS,Groceries,Sale,-27.88,
9,06/01/2024,06/03/2024,TRADER JOE S #,Groceries,Sale,-34.81,
10,06/02/2024,06/03/2024,CHIPOTLE ONLINE,Food & Drink,Sale,-255.34,
11,05/31/2024,06/02/2024,SHRED,Health & Wellness,Sale,-169.0,
12,05/29/2024,05/29/2024,MICHAEL GRAHAM SALON &amp; SP,Health & Wellness,Sale,-182.56,
13,05/28/2024,05/28/2024,DD DOORDASH JIMMYJOHN,Food & Drink,Sale,-73.75,
14,05/26/2024,05/28/2024,EVEREVE - ,Shopping,Sale,-710.07,
15,05/26/2024,05/28/2024,LULULEMON NAPERVILLE,Shopping,Sale,-190.67,
16,05/26/2024,05/27/2024,KRISERS NAPERVILLE,Shopping,Sale,-117.42,
17,05/25/2024,05/26/2024,DD DOORDASH DASHMART,Food & Drink,Sale,-20.81,
18,05/24/2024,05/26/2024,SQ *SWEET HOME GELATO,Food & Drink,Sale,-22.03,
19,05/22/2024,05/24/2024,STARBUCKS STORE ,Food & Drink,Sale,-7.7,
20,05/23/2024,05/23/2024,UBER TRIP,Travel,Sale,-101.93,
21,05/23/2024,05/23/2024,UBER TRIP,Travel,Sale,-112.42,
22,05/21/2024,05/22/2024,SMALL SMILES LLC,Health & Wellness,Sale,-114.97,
23,05/20/2024,05/21/2024,TST* DEETTAS BAKERY,Food & Drink,Sale,-127.19,
24,05/20/2024,05/21/2024,RITUAL (RITUAL.COM),Groceries,Sale,-33.58,
25,05/18/2024,05/20/2024,FSP*BOUNCE HOUSES R US LL,Entertainment,Sale,-50.0,
26,05/18/2024,05/20/2024,TST* SPARROW COFFEE NAPER,Food & Drink,Sale,-14.35,
27,05/18/2024,05/19/2024,SP PARIS,Shopping,Sale,-503.85,
28,05/17/2024,05/19/2024,GLO NAIL LOUNGE,Personal,Sale,-65.0,
29,05/16/2024,05/17/2024,LONGEVITY SPA - NAPERV,Health & Wellness,Sale,-575.0,
30,05/13/2024,05/15/2024,LIL ANGELS PHOTOGRAPHY,Shopping,Sale,-80.81,
31,05/12/2024,05/14/2024,STARBUCKS STORE ,Food & Drink,Sale,-6.71,
32,05/11/2024,05/13/2024,THE GROWING PLACE NAPER,Home,Sale,-459.2,
33,05/12/2024,05/13/2024,WORLD MARKET ECOMM,Home,Sale,-68.95,
34,05/11/2024,05/13/2024,STARBUCKS STORE ,Food & Drink,Sale,-11.01,
35,05/12/2024,05/13/2024,DD DOORDASH NAFNAFGRI,Food & Drink,Sale,-67.43,
36,05/10/2024,05/10/2024,PURCHASE INTEREST CHARGE,Fees & Adjustments,Fee,-122.74,
37,05/08/2024,05/08/2024,Payment Thank You - Web,,Payment,3500.0,
38,05/06/2024,05/08/2024,HOMEDEPOT.COM,Home,Sale,-59.94,
39,05/06/2024,05/07/2024,WORLD MARKET ECOMM,Home,Sale,-1018.21,
40,05/06/2024,05/07/2024,LinkedIn Pre ,Bills & Utilities,Sale,-69.99,
41,05/05/2024,05/06/2024,THE GROWING PLACE NAPER,Home,Sale,-614.8,
42,05/04/2024,05/06/2024,STARBUCKS STORE ,Food & Drink,Sale,-12.4,
43,05/03/2024,05/05/2024,GLO NAIL LOUNGE,Personal,Sale,-75.0,
44,05/03/2024,05/05/2024,DD DOORDASH NAFNAFGRI,Food & Drink,Sale,-58.4,
45,04/30/2024,05/01/2024,SHRED,Health & Wellness,Sale,-169.0,
46,04/27/2024,04/29/2024,PLAYROOM CAFE TWO LLC,Food & Drink,Sale,-21.86,
47,04/27/2024,04/28/2024,DD DOORDASH AURELIOSP,Food & Drink,Sale,-61.1,
48,04/27/2024,04/28/2024,DD DOORDASH CHICK-FIL,Food & Drink,Sale,-29.9,
49,04/27/2024,04/28/2024,DD DOORDASH JEWEL-OSC,Food & Drink,Sale,-29.47,
50,04/24/2024,04/25/2024,DD DOORDASH CHICK-FIL,Food & Drink,Sale,-29.9,
51,04/24/2024,04/25/2024,DD DOORDASH SWEETGREE,Food & Drink,Sale,-52.4,
52,04/20/2024,04/22/2024,PLAYROOM CAFE TWO LLC,Food & Drink,Sale,-2.16,
53,04/20/2024,04/22/2024,PLAYROOM CAFE TWO LLC,Food & Drink,Sale,-21.15,
54,04/21/2024,04/22/2024,TARGET ,Groceries,Sale,-453.88,
55,04/20/2024,04/22/2024,GLO NAIL LOUNGE,Personal,Sale,-65.0,
56,04/20/2024,04/21/2024,RITUAL (RITUAL.COM),Groceries,Sale,-33.58,
57,04/20/2024,04/21/2024,DD DOORDASH CHICK-FIL,Food & Drink,Sale,-58.39,
58,04/17/2024,04/19/2024,RESIDENCE INN VANCOUVE,Travel,Sale,-713.21,
59,04/18/2024,04/19/2024,UBER TRIP,Travel,Sale,-68.11,
60,04/17/2024,04/19/2024,HUDSON ST,Shopping,Sale,-20.17,
61,04/16/2024,04/18/2024,THE MORRISSEY,Food & Drink,Sale,-12.11,
62,04/16/2024,04/18/2024,STARBUCKS COFFEE #,Food & Drink,Sale,-10.6,
63,04/17/2024,04/18/2024,ROOT,Food & Drink,Sale,-14.83,
64,04/17/2024,04/18/2024,UBER CANADA/UBERTRIP,Travel,Sale,-46.75,
65,04/17/2024,04/18/2024,DD DOORDASH AURELIOSP,Food & Drink,Sale,-49.39,
66,04/15/2024,04/17/2024,STARBUCKS COFFEE #,Food & Drink,Sale,-10.64,
67,04/15/2024,04/16/2024,UBER CANADA/UBERTRIP,Travel,Sale,-4.44,
68,04/15/2024,04/16/2024,UBER CANADA/UBERTRIP,Travel,Sale,-29.66,
69,04/14/2024,04/16/2024,CARRY OUT CARRY ON T,Food & Drink,Sale,-11.65,
70,04/15/2024,04/16/2024,UBER* TRIP,Travel,Sale,-12.79,
71,04/15/2024,04/16/2024,SUSHI TENDO,Food & Drink,Sale,-49.6,
72,04/14/2024,04/15/2024,DD DOORDASH SWEETGREE,Food & Drink,Sale,-57.83,
73,04/14/2024,04/15/2024,UBER TRIP,Travel,Sale,-65.25,
74,04/13/2024,04/14/2024,DD DOORDASH CHICK-FIL,Food & Drink,Sale,-27.74,
75,04/11/2024,04/11/2024,PURCHASE INTEREST CHARGE,Fees & Adjustments,Fee,-66.9,
76,04/10/2024,04/11/2024,MICHAEL GRAHAM SALON &amp; SP,Health & Wellness,Sale,-183.0,
77,04/08/2024,04/08/2024,Payment Thank You - Web,,Payment,3000.0,
78,04/06/2024,04/08/2024,STARBUCKS STORE ,Food & Drink,Sale,-2.12,
79,04/06/2024,04/08/2024,STARBUCKS STORE ,Food & Drink,Sale,-19.54,
80,04/05/2024,04/07/2024,SHRED,Health & Wellness,Sale,-8.0,
81,04/05/2024,04/07/2024,DD DOORDASH SWEETGREE,Food & Drink,Sale,-57.83,
82,04/06/2024,04/07/2024,LinkedIn Pre ,Bills & Utilities,Sale,-69.99,
83,04/06/2024,04/07/2024,CASEYS FOODS,Groceries,Sale,-50.63,
84,04/04/2024,04/05/2024,TST* SPARROW COFFEE NAPER,Food & Drink,Sale,-12.15,
85,04/01/2024,04/02/2024,TST* SPARROW COFFEE NAPER,Food & Drink,Sale,-14.35,
86,03/31/2024,04/02/2024,TST* SPARROW COFFEE NAPER,Food & Drink,Sale,-4.38,
87,03/31/2024,04/01/2024,SHRED,Health & Wellness,Sale,-169.0,
88,03/31/2024,04/01/2024,WHOLEFDS NPV ,Groceries,Sale,-115.09,
89,03/29/2024,03/31/2024,GLO NAIL LOUNGE,Personal,Sale,-130.0,
90,03/23/2024,03/25/2024,STARBUCKS STORE ,Food & Drink,Sale,-19.76,
91,03/22/2024,03/24/2024,CL *Chase Travel,Travel,Sale,-1953.25,
92,03/21/2024,03/22/2024,DD DOORDASH SWEETGREE,Food & Drink,Sale,-63.14,
93,03/21/2024,03/22/2024,RITUAL (RITUAL.COM),Groceries,Sale,-33.58,
94,03/19/2024,03/20/2024,SQ *LASERAWAY NAPERVILLE,Personal,Sale,-44.77,
95,03/17/2024,03/19/2024,STARBUCKS STORE ,Food & Drink,Sale,-19.65,
96,03/15/2024,03/18/2024,DD DOORDASH CHICK-FIL,Food & Drink,Sale,-49.63,
97,03/16/2024,03/17/2024,SEPHORA NAPERVILLE,Shopping,Sale,-190.73,
98,03/16/2024,03/17/2024,SHRED,Health & Wellness,Sale,-8.0,
99,03/13/2024,03/15/2024,COURTYARD SANTA MONICA,Travel,Sale,-28.46,
100,03/13/2024,03/15/2024,COURTYARD SANTA MONICA,Travel,Sale,-13.23,
101,03/13/2024,03/15/2024,COURTYARD SANTA MONICA,Travel,Sale,-0.51,
102,03/13/2024,03/15/2024,LAX AIRP BGRILL BY BOA,Food & Drink,Sale,-20.62,
103,03/14/2024,03/15/2024,UBER TRIP,Travel,Sale,-90.78,
104,03/13/2024,03/14/2024,TARGET ,Shopping,Sale,-13.9,
105,03/12/2024,03/14/2024,COURTYARD SANTA MONICA,Travel,Sale,-19.09,
106,03/14/2024,03/14/2024,UBER TRIP,Travel,Sale,-61.28,
107,03/11/2024,03/13/2024,STARBUCKS B ORD,Food & Drink,Sale,-24.34,
108,03/11/2024,03/12/2024,UBER TRIP,Travel,Sale,-11.99,
109,03/10/2024,03/12/2024,DSW SPRINGBROOK PRAIRIE P,Shopping,Sale,-99.1,
110,03/11/2024,03/12/2024,UBER TRIP,Travel,Sale,-79.95,
111,03/11/2024,03/12/2024,UBER TRIP,Travel,Sale,-60.9,
112,03/11/2024,03/11/2024,PURCHASE INTEREST CHARGE,Fees & Adjustments,Fee,-180.61,
113,03/10/2024,03/11/2024,WHOLEFDS NPV ,Groceries,Sale,-43.41,
114,03/09/2024,03/10/2024,LOFT MAIN ST PROMEN,Shopping,Sale,-201.96,
115,03/09/2024,03/10/2024,DD DOORDASH LAOSZECHU,Food & Drink,Sale,-130.43,
116,03/09/2024,03/10/2024,WALMART.COM,Shopping,Sale,-48.49,
117,03/08/2024,03/08/2024,Payment Thank You - Web,,Payment,11432.78,
118,03/06/2024,03/07/2024,LinkedIn Pre ,Bills & Utilities,Sale,-69.99,
119,03/04/2024,03/07/2024,AIR CAN* ,Travel,Sale,-30.05,
120,03/06/2024,03/07/2024,SHRED,Health & Wellness,Sale,-15.0,
121,03/04/2024,03/07/2024,BOOSTER JUICE #,Food & Drink,Sale,-10.0,
122,03/06/2024,03/06/2024,LE CHOCOLAT DU BOUCHARD,Food & Drink,Sale,-56.64,
123,03/04/2024,03/06/2024,CHICAGO O'HARE INTERNA,Home,Sale,-7.0,
124,03/04/2024,03/05/2024,COCA COLA BRAMPTON ON,Food & Drink,Sale,-2.95,
125,03/04/2024,03/05/2024,AIR CANADA ,Travel,Sale,-30.0,
126,03/04/2024,03/05/2024,HUDSONNEWS ST,Shopping,Sale,-18.1,
127,03/02/2024,03/04/2024,STARBUCKS T MAIN ORD,Food & Drink,Sale,-21.67,
128,03/01/2024,03/03/2024,AIR CANADA ,Travel,Sale,-52.8,
129,03/01/2024,03/03/2024,AIR CANADA ,Travel,Sale,-52.8,
130,02/29/2024,03/01/2024,MICHAEL GRAHAM SALON &amp; SP,Health & Wellness,Sale,-206.5,
131,02/29/2024,03/01/2024,SHRED,Health & Wellness,Sale,-169.0,
132,02/25/2024,02/27/2024,STARBUCKS STORE ,Food & Drink,Sale,-14.65,
133,02/26/2024,02/27/2024,DD DOORDASH SWEETGREE,Food & Drink,Sale,-63.14,
134,02/25/2024,02/26/2024,WHOLEFDS NPV ,Groceries,Sale,-20.33,
135,02/25/2024,02/26/2024,DD DOORDASH LAZYDOG,Food & Drink,Sale,-57.3,
136,02/24/2024,02/25/2024,DD DOORDASH AURELIOSP,Food & Drink,Sale,-52.23,
137,02/20/2024,02/21/2024,RITUAL (RITUAL.COM),Groceries,Sale,-33.58,
138,02/19/2024,02/20/2024,GLO NAIL LOUNGE,Personal,Sale,-120.0,
139,02/15/2024,02/16/2024,DD DOORDASH SWEETGREE,Food & Drink,Sale,-75.19,
140,02/14/2024,02/14/2024,MED*ABC PEDIATRICS LTD,Health & Wellness,Sale,-30.0,
141,02/11/2024,02/13/2024,STARBUCKS STORE ,Food & Drink,Sale,-17.1,
142,02/11/2024,02/12/2024,DD DOORDASH JEWEL-OSC,Food & Drink,Sale,-19.8,
143,02/11/2024,02/12/2024,DD DOORDASH LAZYDOG,Food & Drink,Sale,-75.86,
144,02/10/2024,02/12/2024,COURTYARD SANTA MONICA,Travel,Sale,-674.45,
145,02/11/2024,02/12/2024,CL *Chase Travel,Travel,Sale,-1143.2,
146,02/11/2024,02/11/2024,PURCHASE INTEREST CHARGE,Fees & Adjustments,Fee,-186.03,
147,02/08/2024,02/09/2024,DD DOORDASH CURRITO,Food & Drink,Sale,-55.54,
148,02/08/2024,02/08/2024,AUTOMATIC PAYMENT - THANK,,Payment,414.23,
149,02/06/2024,02/07/2024,LinkedIn Pre ,Bills & Utilities,Sale,-69.99,
150,02/04/2024,02/05/2024,SEPHORA NAPERVILLE,Shopping,Sale,-113.14,
151,02/02/2024,02/04/2024,UBER TRIP,Travel,Sale,-92.72,
152,02/01/2024,02/04/2024,TST* N STATE-COFFEE K,Food & Drink,Sale,-3.92,
153,02/01/2024,02/02/2024,UBER TRIP,Travel,Sale,-12.78,
154,02/01/2024,02/02/2024,DD DOORDASH SWEETGREE,Food & Drink,Sale,-88.91,
155,02/01/2024,02/02/2024,UBER TRIP,Travel,Sale,-85.23,
156,01/31/2024,02/01/2024,SHRED NAPERVILLE,Health & Wellness,Sale,-169.0,
157,01/30/2024,01/31/2024,JAMES AND SONS - NAPERVIL,Shopping,Sale,-1635.48,
158,01/28/2024,01/30/2024,PLAYROOM CAFE TWO LLC,Food & Drink,Sale,-16.0,
159,01/26/2024,01/28/2024,HUGOS FROG BAR &amp; FISH HOU,Food & Drink,Sale,-308.5,
160,01/21/2024,01/22/2024,GLO NAIL LOUNGE,Personal,Sale,-65.0,
161,01/20/2024,01/22/2024,STARBUCKS STORE ,Food & Drink,Sale,-2.88,
162,01/20/2024,01/22/2024,STARBUCKS STORE ,Food & Drink,Sale,-16.61,
163,01/20/2024,01/22/2024,TARGET ,Groceries,Sale,-112.1,
164,01/18/2024,01/21/2024,UNITED ,Travel,Sale,-45.0,
165,01/18/2024,01/21/2024,VendingCustomerService.co,Shopping,Sale,-7.71,
166,01/18/2024,01/21/2024,COURTYARD BY MARRIOTT,Travel,Sale,-664.14,
167,01/19/2024,01/21/2024,UBER TRIP,Travel,Sale,-52.46,
168,01/18/2024,01/21/2024,STARBUCKS A/B CON ,Food & Drink,Sale,-23.31,
169,01/18/2024,01/21/2024,UNITED ,Travel,Sale,-35.0,
170,01/18/2024,01/21/2024,UNITED ,Travel,Sale,-276.1,
171,01/18/2024,01/19/2024,UBER TRIP,Travel,Sale,-31.93,
172,01/16/2024,01/18/2024,CIAO T C ORD,Food & Drink,Sale,-22.38,
173,01/16/2024,01/17/2024,UBER TRIP,Travel,Sale,-79.37,
174,01/15/2024,01/16/2024,CASEYS FOODS,Groceries,Sale,-23.32,
175,01/14/2024,01/16/2024,MICHAELS STORES ,Shopping,Sale,-26.36,
176,01/14/2024,01/16/2024,UNITED ,Travel,Sale,-89.0,
177,01/14/2024,01/15/2024,SHRED NAPERVILLE,Health & Wellness,Sale,-35.0,
178,01/14/2024,01/15/2024,DD DOORDASH SUSHINAPE,Food & Drink,Sale,-146.39,
179,01/13/2024,01/15/2024,SHELL OIL ,Gas,Sale,-32.07,
180,01/14/2024,01/15/2024,KIDSNIPS,Personal,Sale,-33.0,
181,01/11/2024,01/12/2024,LONGEVITY SPA - NAPERV,Health & Wellness,Sale,-1140.0,
182,01/12/2024,01/12/2024,MICHAEL GRAHAM SALON &amp; SP,Health & Wellness,Sale,-184.6,
183,01/11/2024,01/11/2024,PURCHASE INTEREST CHARGE,Fees & Adjustments,Fee,-158.38,
184,01/08/2024,01/08/2024,Payment Thank You - Web,,Payment,4000.0,
185,01/05/2024,01/07/2024,GLO NAIL LOUNGE,Personal,Sale,-140.0,
186,01/06/2024,01/07/2024,LinkedIn Pre ,Bills & Utilities,Sale,-69.99,
187,01/01/2024,01/03/2024,SHRED NAPERVILLE,Health & Wellness,Sale,-139.0,
188,12/30/2023,01/01/2024,GLO NAIL LOUNGE,Personal,Sale,-65.0,
189,12/31/2023,01/01/2024,RITUAL (RITUAL.COM),Groceries,Sale,-39.68,
190,12/29/2023,12/31/2023,USPS PO ,Shopping,Sale,-50.5,
191,12/27/2023,12/28/2023,ILSOS NAPERVILLE DRIVE,Bills & Utilities,Sale,-31.0,
192,12/27/2023,12/28/2023,AT* MORTONARBORETUM,Gifts & Donations,Sale,-34.0,
193,12/23/2023,12/24/2023,CL *Chase Travel,Travel,Sale,-413.8,
194,12/23/2023,12/24/2023,CASEYS FOODS,Groceries,Sale,-63.02,
195,12/23/2023,12/24/2023,DOLLAR TREE,Shopping,Sale,-26.94,
196,12/21/2023,12/22/2023,BDSMONGOLIANGRILL,Food & Drink,Return,41.52,
197,12/20/2023,12/21/2023,BDSMONGOLIANGRILL,Food & Drink,Sale,-80.93,
198,12/19/2023,12/20/2023,AT* MORTONARBORETUM,Gifts & Donations,Sale,-139.0,
199,12/18/2023,12/18/2023,PERSONALIZATION MALL,Shopping,Sale,-36.56,
200,12/15/2023,12/17/2023,HUDSON ST,Shopping,Sale,-18.23,
201,12/14/2023,12/17/2023,HYATT VANCOUVER-STARBUCKS,Travel,Sale,-2.22,
202,12/15/2023,12/17/2023,WIFIONBOARD AIR CANADA,Bills & Utilities,Sale,-9.22,
203,12/15/2023,12/17/2023,HUDSON ST,Shopping,Sale,-18.4,
204,12/14/2023,12/17/2023,HYATT VANCOUVER-STARBUCKS,Travel,Sale,-8.78,
205,12/15/2023,12/17/2023,HYATT VANCOUVER-STARBUCKS,Travel,Sale,-2.23,
206,12/15/2023,12/17/2023,UBER CANADA/UBERTRIP,Travel,Sale,-5.88,
207,12/14/2023,12/17/2023,HYATT VANCOUVER-STARBUCKS,Travel,Sale,-9.73,
208,12/15/2023,12/17/2023,UBER TRIP,Travel,Sale,-10.45,
209,12/15/2023,12/17/2023,HYATT HOTELS,Travel,Sale,-361.39,
210,12/15/2023,12/17/2023,CANUCKS BAR AND GRILL,Food & Drink,Sale,-17.67,
211,12/15/2023,12/17/2023,UBER CANADA/UBERTRIP,Travel,Sale,-24.7,
212,12/15/2023,12/17/2023,WIFIONBOARD AIR CANADA,Bills & Utilities,Sale,-4.9,
213,12/16/2023,12/17/2023,UBER TRIP,Travel,Sale,-89.98,
214,12/15/2023,12/17/2023,UBER CANADA/UBERTRIP,Travel,Sale,-39.21,
215,12/14/2023,12/15/2023,UBER CANADA/UBERTRIP,Travel,Sale,-12.16,
216,12/14/2023,12/15/2023,UBER CANADA/UBERTRIP,Travel,Sale,-14.79,
217,12/13/2023,12/15/2023,HYATT VANCOUVER-STARBUCKS,Travel,Sale,-10.23,
218,12/14/2023,12/15/2023,UBER* TRIP,Travel,Sale,-2.22,
219,12/13/2023,12/14/2023,UBER CANADA/UBERTRIP,Travel,Sale,-13.77,
220,12/12/2023,12/14/2023,STARBUCKS B ORD,Food & Drink,Sale,-25.0,
221,12/12/2023,12/14/2023,STARBUCKS B ORD,Food & Drink,Sale,-23.28,
222,12/13/2023,12/14/2023,UBER CANADA/UBERTRIP,Travel,Sale,-27.11,
223,12/12/2023,12/13/2023,UBER TRIP,Travel,Sale,-5.0,
224,12/12/2023,12/13/2023,UBER TRIP,Travel,Sale,-85.04,
225,12/13/2023,12/13/2023,UBER* TRIP,Travel,Sale,-13.2,
226,12/12/2023,12/13/2023,TIM HORTONS #,Food & Drink,Sale,-10.06,
227,12/11/2023,12/13/2023,STARBUCKS STORE ,Food & Drink,Sale,-13.18,
228,12/11/2023,12/12/2023,GLO NAIL LOUNGE,Personal,Sale,-65.0,
229,12/11/2023,12/11/2023,PURCHASE INTEREST CHARGE,Fees & Adjustments,Fee,-148.65,
230,12/09/2023,12/11/2023,PLAYROOM CAFE TWO LLC,Food & Drink,Sale,-8.0,
231,12/09/2023,12/11/2023,TARGET ,Groceries,Sale,-83.67,
232,12/09/2023,12/11/2023,PLAYROOM CAFE TWO LLC,Food & Drink,Sale,-2.36,
233,12/07/2023,12/08/2023,AIR CANADA ,Travel,Sale,-134.4,
234,12/07/2023,12/07/2023,Payment Thank You - Web,,Payment,2500.0,
235,12/06/2023,12/07/2023,LinkedIn Pre ,Bills & Utilities,Sale,-69.99,
236,12/06/2023,12/07/2023,UNITED ,Travel,Sale,-386.37,
237,12/04/2023,12/06/2023,STARBUCKS STORE ,Food & Drink,Sale,-10.84,
238,12/03/2023,12/05/2023,PLAYROOM CAFE TWO LLC,Food & Drink,Sale,-9.68,
239,12/01/2023,12/03/2023,RITUAL (RITUAL.COM),Groceries,Sale,-39.68,
240,12/02/2023,12/03/2023,MICHAEL GRAHAM SALON &amp; SP,Health & Wellness,Sale,-91.62,
241,11/20/2023,11/21/2023,AIR CANADA ,Travel,Sale,-134.4,
242,11/19/2023,11/20/2023,CL *Chase Travel,Travel,Sale,-427.56,
243,11/19/2023,11/20/2023,CL *Chase Travel,Travel,Sale,-561.21,
244,11/10/2023,11/10/2023,PURCHASE INTEREST CHARGE,Fees & Adjustments,Fee,-119.45,
245,11/08/2023,11/08/2023,AUTOMATIC PAYMENT - THANK,,Payment,321.23,
246,11/06/2023,11/07/2023,LinkedIn Pre ,Bills & Utilities,Sale,-69.99,
247,11/03/2023,11/06/2023,META - PPGF,Gifts & Donations,Sale,-75.0,
248,11/05/2023,11/06/2023,BEST BUY MHT ,Shopping,Sale,-165.27,
249,11/05/2023,11/06/2023,COSTCO WHSE#,Shopping,Sale,-3.26,
250,11/03/2023,11/05/2023,DD/DOORDASHFRESHII,Food & Drink,Sale,-20.33,
251,11/02/2023,11/05/2023,HYATT VANCOUVER-STARBUCKS,Travel,Sale,-8.73,
252,11/03/2023,11/05/2023,UBER* TRIP,Travel,Sale,-38.23,
253,11/03/2023,11/05/2023,HYATT VANCOUVER-STARBUCKS,Travel,Sale,-10.09,
254,11/03/2023,11/05/2023,JOE &amp; THE JUICE ST,Shopping,Sale,-12.76,
255,11/03/2023,11/05/2023,HUDSON ST,Shopping,Sale,-28.11,
256,11/03/2023,11/05/2023,UBER CANADA/UBERTRIP,Travel,Sale,-7.65,
257,11/03/2023,11/05/2023,UBER TRIP,Travel,Sale,-86.2,
258,11/02/2023,11/03/2023,UBER TRIP,Travel,Sale,-84.52,
259,11/01/2023,11/02/2023,RITUAL (RITUAL.COM),Groceries,Sale,-39.68,
260,10/29/2023,10/31/2023,TRADER JOE S #,Groceries,Sale,-11.57,
261,10/27/2023,10/30/2023,EVEREVE - ,Shopping,Sale,-140.08,
262,10/27/2023,10/29/2023,AIR CANADA ,Travel,Sale,-82.01,
263,10/26/2023,10/27/2023,DD DOORDASH POKEBROS,Food & Drink,Sale,-71.83,
264,10/23/2023,10/24/2023,TST* Blackberry Market -,Food & Drink,Sale,-5.64,
265,10/23/2023,10/24/2023,SQ *EASTGATE SAES LLC,Entertainment,Sale,-16.0,
266,10/20/2023,10/22/2023,CL *Chase Travel,Travel,Sale,-1654.8,
267,10/20/2023,10/20/2023,ANNUAL HOTEL CREDIT,Fees & Adjustments,Adjustment,50.0,
268,10/16/2023,10/17/2023,DD DOORDASH BENJERRYS,Food & Drink,Sale,-30.1,
269,10/15/2023,10/16/2023,DD DOORDASH MEIJER,Food & Drink,Sale,-25.41,
270,10/13/2023,10/15/2023,DD DOORDASH BONITABOW,Food & Drink,Sale,-42.26,
271,10/12/2023,10/13/2023,DD DOORDASH FIVEGUYSB,Food & Drink,Sale,-91.57,
272,10/11/2023,10/11/2023,PURCHASE INTEREST CHARGE,Fees & Adjustments,Fee,-77.1,
273,10/08/2023,10/08/2023,AUTOMATIC PAYMENT - THANK,,Payment,320.23,
274,10/07/2023,10/08/2023,DD DOORDASH SUSHINAPE,Food & Drink,Sale,-137.58,
275,10/08/2023,10/08/2023,DD DOORDASH EGGHARBOR,Food & Drink,Sale,-63.4,
276,10/07/2023,10/08/2023,MED*ABC PEDIATRICS LTD,Health & Wellness,Sale,-27.13,
277,10/06/2023,10/08/2023,DD DOORDASH MEIJER,Food & Drink,Sale,-37.02,
278,10/06/2023,10/08/2023,LinkedIn Pre ,Bills & Utilities,Sale,-69.99,
279,10/02/2023,10/03/2023,RITUAL (RITUAL.COM),Groceries,Sale,-39.68,
280,09/29/2023,10/01/2023,DD DOORDASH DASHMART,Food & Drink,Sale,-23.0,
281,09/15/2023,09/15/2023,MED*ABC PEDIATRICS LTD,Health & Wellness,Sale,-20.07,
282,09/11/2023,09/11/2023,PURCHASE INTEREST CHARGE,Fees & Adjustments,Fee,-80.2,
283,09/08/2023,09/10/2023,DD DOORDASH SUSHINAPE,Food & Drink,Sale,-143.09,
284,09/08/2023,09/08/2023,AUTOMATIC PAYMENT - THANK,,Payment,299.23,
285,09/06/2023,09/07/2023,LinkedIn Pre ,Bills & Utilities,Sale,-69.99,
286,09/05/2023,09/05/2023,REDEMPTION CREDIT,Fees & Adjustments,Adjustment,45.72,
287,09/05/2023,09/05/2023,REDEMPTION CREDIT,Fees & Adjustments,Adjustment,71.14,
288,09/05/2023,09/05/2023,REDEMPTION CREDIT,Fees & Adjustments,Adjustment,67.62,
289,09/05/2023,09/05/2023,REDEMPTION CREDIT,Fees & Adjustments,Adjustment,39.68,
290,09/05/2023,09/05/2023,REDEMPTION CREDIT,Fees & Adjustments,Adjustment,97.95,
291,09/05/2023,09/05/2023,REDEMPTION CREDIT,Fees & Adjustments,Adjustment,29.52,
292,09/05/2023,09/05/2023,REDEMPTION CREDIT,Fees & Adjustments,Adjustment,39.68,
293,09/05/2023,09/05/2023,REDEMPTION CREDIT,Fees & Adjustments,Adjustment,39.68,
294,09/05/2023,09/05/2023,REDEMPTION CREDIT,Fees & Adjustments,Adjustment,36.03,
295,09/05/2023,09/05/2023,REDEMPTION CREDIT,Fees & Adjustments,Adjustment,50.06,
296,09/05/2023,09/05/2023,REDEMPTION CREDIT,Fees & Adjustments,Adjustment,70.96,
297,09/05/2023,09/05/2023,REDEMPTION CREDIT,Fees & Adjustments,Adjustment,27.59,
298,09/02/2023,09/03/2023,RITUAL (RITUAL.COM),Groceries,Sale,-39.68,
299,08/31/2023,09/01/2023,DD DOORDASH BONITABOW,Food & Drink,Sale,-42.26,
300,08/28/2023,08/29/2023,DD DOORDASH JEWEL-OSC,Food & Drink,Sale,-31.13,
301,08/25/2023,08/27/2023,GLO NAIL LOUNGE,Personal,Sale,-65.0,
302,08/25/2023,08/27/2023,CASEYS FOODS,Groceries,Sale,-97.95,
303,08/24/2023,08/25/2023,DD DOORDASH BONITABOW,Food & Drink,Sale,-41.11,
304,08/23/2023,08/24/2023,BP#CAPL IL,Gas,Sale,-71.14,
305,08/17/2023,08/20/2023,TST* A Toda Madre,Food & Drink,Sale,-48.4,
306,08/14/2023,08/16/2023,STARBUCKS STORE ,Food & Drink,Sale,-10.79,
307,08/14/2023,08/15/2023,DD DOORDASH BENJERRYS,Food & Drink,Sale,-27.65,
308,08/14/2023,08/15/2023,MARIANOS ,Groceries,Sale,-67.62,
309,08/11/2023,08/13/2023,SQ *BROWNS CHICKEN -,Food & Drink,Sale,-37.49,
310,08/11/2023,08/11/2023,PURCHASE INTEREST CHARGE,Fees & Adjustments,Fee,-61.35,
311,08/10/2023,08/11/2023,DD DOORDASH FIVEGUYSB,Food & Drink,Sale,-64.85,
312,08/09/2023,08/11/2023,STARBUCKS STORE ,Food & Drink,Sale,-5.23,
313,08/08/2023,08/09/2023,BP#CAPL IL,Gas,Sale,-45.72,
314,08/08/2023,08/08/2023,AUTOMATIC PAYMENT - THANK,,Payment,263.23,
315,08/06/2023,08/07/2023,USPS PO ,Shopping,Sale,-75.24,
316,08/06/2023,08/07/2023,LinkedIn Pre ,Bills & Utilities,Sale,-69.99,
317,08/04/2023,08/06/2023,CASEYS FOODS,Groceries,Sale,-50.06,
318,08/02/2023,08/04/2023,STARBUCKS STORE ,Food & Drink,Sale,-6.71,
319,08/03/2023,08/04/2023,DD DOORDASH CHICK-FIL,Food & Drink,Sale,-70.57,
320,08/02/2023,08/04/2023,PP*FIENES BAKERY,Food & Drink,Sale,-17.29,
321,08/03/2023,08/04/2023,RITUAL (RITUAL.COM),Groceries,Sale,-39.68,
322,08/01/2023,08/03/2023,CASEYS #,Gas,Sale,-70.96,
323,08/02/2023,08/02/2023,DD DOORDASH NAFNAFGRI,Food & Drink,Sale,-74.6,
324,07/31/2023,08/01/2023,WALGREENS #,Health & Wellness,Sale,-4.41,
325,07/31/2023,08/01/2023,DD DOORDASH JEWEL-OSC,Food & Drink,Sale,-30.64,
326,07/30/2023,07/31/2023,TST* Empire Burger,Food & Drink,Sale,-46.0,
327,07/28/2023,07/30/2023,SEPHORA NAPERVILLE,Shopping,Sale,-166.47,
328,07/28/2023,07/30/2023,MCDONALD'S F,Food & Drink,Sale,-6.6,
329,07/28/2023,07/30/2023,GLO NAIL LOUNGE,Personal,Sale,-75.0,
330,07/25/2023,07/26/2023,METAPAY BeTheMatch,Gifts & Donations,Sale,-50.0,
331,07/23/2023,07/25/2023,DAIRY QUEEN #,Food & Drink,Sale,-20.05,
332,07/19/2023,07/20/2023,CASEYS FOODS,Groceries,Sale,-36.03,
333,07/13/2023,07/16/2023,DUPAGE MEDICAL GROUP,Health & Wellness,Sale,-200.0,
334,07/11/2023,07/12/2023,GLO NAIL LOUNGE,Personal,Sale,-65.0,
335,07/11/2023,07/11/2023,PURCHASE INTEREST CHARGE,Fees & Adjustments,Fee,-37.37,
336,07/07/2023,07/09/2023,MICHAEL GRAHAM SALON &amp; SP,Health & Wellness,Sale,-112.5,
337,07/07/2023,07/07/2023,AUTOMATIC PAYMENT - THANK,,Payment,262.23,
338,07/05/2023,07/06/2023,DD DOORDASH ROCKBOTTO,Food & Drink,Sale,-71.65,
339,07/04/2023,07/06/2023,ONROUTE #,Gas,Sale,-29.52,
340,07/04/2023,07/05/2023,RITUAL (RITUAL.COM),Groceries,Sale,-39.68,
341,07/01/2023,07/02/2023,ANNUAL MEMBERSHIP FEE,Fees & Adjustments,Fee,-95.0,
342,06/29/2023,07/02/2023,GIANT TIGER #,Groceries,Sale,-27.59,
343,06/28/2023,06/29/2023,PELOTON* MEMBERSHIP,Shopping,Sale,-12.99,
344,06/28/2023,06/29/2023,DD DOORDASH PANERABRE,Food & Drink,Sale,-145.48,
345,06/27/2023,06/28/2023,KRISERS NAPERVILLE,Shopping,Sale,-96.93,
346,06/26/2023,06/27/2023,DD DOORDASH COOKIESDR,Food & Drink,Sale,-41.29,
347,06/24/2023,06/25/2023,DD DOORDASH BENJERRYS,Food & Drink,Sale,-19.32,
348,06/23/2023,06/25/2023,DD DOORDASH COVOGREEK,Food & Drink,Sale,-132.03,
349,06/22/2023,06/22/2023,DD DOORDASH NAFNAFGRI,Food & Drink,Sale,-40.7,
350,06/16/2023,06/18/2023,GLO NAIL LOUNGE,Personal,Sale,-55.0,
351,06/16/2023,06/18/2023,MICHAEL GRAHAM SALON &amp; SP,Health & Wellness,Sale,-48.0,
352,06/16/2023,06/18/2023,DD DOORDASH THAIORCHI,Food & Drink,Sale,-57.93,
353,06/12/2023,06/13/2023,DOORDASH*VIP THAI CUIS,Food & Drink,Sale,-45.1,
354,06/12/2023,06/12/2023,DD DOORDASH FIVEGUYSB,Food & Drink,Sale,-68.47,
355,06/12/2023,06/12/2023,DD DOORDASH JEWEL-OSC,Food & Drink,Sale,-17.8,
356,06/11/2023,06/11/2023,PURCHASE INTEREST CHARGE,Fees & Adjustments,Fee,-47.68,
357,06/10/2023,06/11/2023,TST* Blackberry Market -,Food & Drink,Sale,-1.97,
358,06/09/2023,06/11/2023,DD DOORDASH LAZYDOG,Food & Drink,Sale,-65.42,
359,06/09/2023,06/11/2023,DD DOORDASH LAZYDOG,Food & Drink,Sale,-12.02,
360,06/09/2023,06/09/2023,Payment Thank You - Web,,Payment,1637.29,
361,06/08/2023,06/08/2023,AUTOMATIC PAYMENT - THANK,,Payment,293.23,
362,06/04/2023,06/05/2023,RITUAL (RITUAL.COM),Groceries,Sale,-39.29,
363,06/02/2023,06/04/2023,DD DOORDASH JEWEL-OSC,Food & Drink,Sale,-6.58,
364,06/02/2023,06/04/2023,DD DOORDASH JEWEL-OSC,Food & Drink,Sale,-38.32,
365,06/01/2023,06/02/2023,LOFT MAIN ST PROMEN,Shopping,Return,18.59,
366,06/01/2023,06/02/2023,TST* LACEY - CAFE,Food & Drink,Sale,-6.84,
367,05/31/2023,06/01/2023,TST* Blackberry Market -,Food & Drink,Sale,-15.33,
368,05/31/2023,06/01/2023,DD DOORDASH SWEETGREE,Food & Drink,Sale,-64.52,
369,05/30/2023,05/31/2023,GLO NAIL LOUNGE,Personal,Sale,-145.0,
370,05/28/2023,05/29/2023,PELOTON* MEMBERSHIP,Shopping,Sale,-12.99,
371,05/24/2023,05/26/2023,SHELL OIL ,Gas,Sale,-59.92,
372,05/25/2023,05/25/2023,DD DOORDASH SWEETGREE,Food & Drink,Sale,-29.35,
373,05/23/2023,05/24/2023,CASEYS FOODS,Groceries,Sale,-10.76,
374,05/19/2023,05/21/2023,GLO NAIL LOUNGE,Personal,Sale,-65.0,
375,05/20/2023,05/21/2023,DD DOORDASH LAZYDOG,Food & Drink,Sale,-82.45,
376,05/19/2023,05/21/2023,KIDSNIPS,Personal,Sale,-52.02,
377,05/19/2023,05/21/2023,THE GROWING PLACE NAPER,Home,Sale,-229.53,
378,05/18/2023,05/19/2023,SQ *MOLLY'S CUPCAKES,Food & Drink,Sale,-56.64,
379,05/15/2023,05/16/2023,DD DOORDASH DASHMART,Food & Drink,Sale,-12.86,
380,05/14/2023,05/15/2023,DD DOORDASH SWEETGREE,Food & Drink,Sale,-75.19,
381,05/14/2023,05/15/2023,TARGET ,Shopping,Sale,-71.26,
382,05/14/2023,05/15/2023,TST* Blackberry Market -,Food & Drink,Sale,-30.07,
383,05/12/2023,05/14/2023,DD DOORDASH THEPORTOF,Food & Drink,Sale,-102.19,
384,05/11/2023,05/11/2023,PURCHASE INTEREST CHARGE,Fees & Adjustments,Fee,-74.86,
385,05/11/2023,05/11/2023,Payment Thank You - Web,,Payment,3200.69,
386,05/10/2023,05/10/2023,MED*ABC PEDIATRICS LTD,Health & Wellness,Sale,-100.36,
387,05/08/2023,05/09/2023,DD DOORDASH DASHMART,Food & Drink,Sale,-30.34,
388,05/08/2023,05/08/2023,AUTOMATIC PAYMENT - THANK,,Payment,307.23,
389,05/05/2023,05/07/2023,THE HOME DEPOT ,Home,Sale,-17.16,
390,05/05/2023,05/07/2023,THE HOME DEPOT ,Home,Sale,-7.0,
391,05/06/2023,05/07/2023,MICHELLE MARIE FIT,Personal,Sale,-54.0,
392,05/05/2023,05/07/2023,THE HOME DEPOT ,Home,Return,36.0,
393,05/06/2023,05/07/2023,DD DOORDASH NAFNAFGRI,Food & Drink,Sale,-56.44,
394,05/06/2023,05/07/2023,DD DOORDASH JIMMYJOHN,Food & Drink,Sale,-29.6,
395,05/05/2023,05/07/2023,RITUAL (RITUAL.COM),Groceries,Sale,-39.29,
396,05/05/2023,05/07/2023,SHERWIN WILLIAMS ,Home,Sale,-39.82,
397,05/04/2023,05/05/2023,MICHAEL GRAHAM SALON &amp; SP,Health & Wellness,Sale,-118.0,
398,05/03/2023,05/05/2023,THE HOME DEPOT #,Home,Sale,-50.0,
399,05/03/2023,05/05/2023,THE HOME DEPOT #,Home,Sale,-75.0,
400,05/02/2023,05/03/2023,GLO NAIL LOUNGE,Personal,Sale,-75.0,
401,05/01/2023,05/02/2023,DD DOORDASH PANERABRE,Food & Drink,Sale,-78.39,
402,04/30/2023,05/01/2023,DOORDASH*CRUMBL COOKIE,Food & Drink,Sale,-33.78,
403,04/28/2023,04/30/2023,GLO NAIL LOUNGE,Personal,Sale,-65.0,
404,04/29/2023,04/30/2023,DD DOORDASH FIVEGUYSB,Food & Drink,Sale,-70.12,
405,04/28/2023,04/30/2023,DD DOORDASH SWEETGREE,Food & Drink,Sale,-23.4,
406,04/28/2023,04/30/2023,PELOTON* MEMBERSHIP,Shopping,Sale,-12.99,
407,04/27/2023,04/28/2023,DD DOORDASH DASHMART,Food & Drink,Sale,-19.78,
408,04/23/2023,04/24/2023,DD DOORDASH JEWEL-OSC,Food & Drink,Sale,-24.22,
409,04/23/2023,04/24/2023,DD DOORDASH BILLYBRIC,Food & Drink,Sale,-80.08,
410,04/23/2023,04/24/2023,DD DOORDASH BENJERRYS,Food & Drink,Sale,-30.1,
411,04/22/2023,04/23/2023,ANNTAYLOR LOFT.COM #,Shopping,Sale,-191.02,
412,04/20/2023,04/21/2023,European Wax Center,Health & Wellness,Sale,-78.4,
413,04/18/2023,04/20/2023,OSWALDS PHARMACY,Health & Wellness,Sale,-0.63,
414,04/19/2023,04/20/2023,DD DOORDASH JIMMYJOHN,Food & Drink,Sale,-33.83,
415,04/17/2023,04/19/2023,STARBUCKS STORE ,Food & Drink,Sale,-10.84,
416,04/16/2023,04/17/2023,DD DOORDASH BENJERRYS,Food & Drink,Sale,-40.86,
417,04/16/2023,04/17/2023,DD DOORDASH JEWEL-OSC,Food & Drink,Sale,-18.85,
418,04/15/2023,04/16/2023,DD DOORDASH AURELIOSP,Food & Drink,Sale,-74.33,
419,04/13/2023,04/14/2023,DD DOORDASH BENJERRYS,Food & Drink,Sale,-30.1,
420,04/13/2023,04/14/2023,DD DOORDASH POKEBROS,Food & Drink,Sale,-27.14,
421,04/11/2023,04/12/2023,DD DOORDASH CHICK-FIL,Food & Drink,Sale,-37.15,
422,04/11/2023,04/11/2023,PURCHASE INTEREST CHARGE,Fees & Adjustments,Fee,-73.02,
423,04/07/2023,04/09/2023,DD DOORDASH PANERABRE,Food & Drink,Sale,-53.53,
424,04/07/2023,04/09/2023,ANNTAYLOR LOFT.COM #,Shopping,Sale,-47.7,
425,04/06/2023,04/07/2023,TEN FRIENDS BLOW DRY AND,Health & Wellness,Sale,-66.0,
426,04/06/2023,04/07/2023,CASEYS FOODS,Groceries,Sale,-46.51,
427,04/06/2023,04/07/2023,DD DOORDASH JIMMYJOHN,Food & Drink,Sale,-20.74,
428,04/06/2023,04/06/2023,Payment Thank You - Web,,Payment,4814.77,
429,04/05/2023,04/06/2023,RITUAL (RITUAL.COM),Groceries,Sale,-39.29,
430,04/01/2023,04/03/2023,EVEREVE - ,Shopping,Sale,-94.82,
431,04/02/2023,04/03/2023,GLO NAIL LOUNGE,Personal,Sale,-140.0,
432,03/30/2023,04/02/2023,DUPAGE MEDICAL GROUP,Health & Wellness,Sale,-235.86,
433,04/01/2023,04/02/2023,LOFT MAIN ST PROMEN,Shopping,Sale,-186.57,
434,04/01/2023,04/02/2023,DD DOORDASH LAZYDOG,Food & Drink,Sale,-107.71,
435,03/31/2023,04/02/2023,KIDSNIPS,Personal,Sale,-27.0,
436,03/30/2023,03/31/2023,DD DOORDASH JIMMYJOHN,Food & Drink,Sale,-19.44,
437,03/28/2023,03/29/2023,PELOTON* MEMBERSHIP,Shopping,Sale,-12.99,
438,03/23/2023,03/26/2023,HOMEDEPOT.COM,Home,Sale,-188.51,
439,03/24/2023,03/26/2023,DD DOORDASH DASHMART,Food & Drink,Sale,-28.48,
440,03/24/2023,03/26/2023,SEPHORA.COM,Shopping,Sale,-251.81,
441,03/23/2023,03/24/2023,The NOW Massage,Health & Wellness,Sale,-200.0,
442,03/21/2023,03/23/2023,OFFICE DEPOT #,Shopping,Sale,-14.0,
443,03/22/2023,03/23/2023,TST* NOTHING BUNDT CAKES,Food & Drink,Sale,-41.51,
444,03/22/2023,03/23/2023,DD DOORDASH DASHMART,Food & Drink,Sale,-19.59,
445,03/21/2023,03/22/2023,LABCORP,Health & Wellness,Sale,-48.31,
446,03/19/2023,03/20/2023,DD DOORDASH EVERDINES,Food & Drink,Sale,-71.69,
447,03/18/2023,03/19/2023,DD DOORDASH LITTLECAE,Food & Drink,Sale,-23.94,
448,03/17/2023,03/19/2023,MICHAEL GRAHAM SALON &amp; SP,Health & Wellness,Sale,-310.0,
449,03/18/2023,03/19/2023,DD DOORDASH ROCKBOTTO,Food & Drink,Sale,-88.2,
450,03/17/2023,03/19/2023,DD DOORDASH POKEBROS,Food & Drink,Sale,-49.49,
451,03/16/2023,03/17/2023,DD DOORDASH NICKSREDH,Food & Drink,Sale,-73.16,
452,03/16/2023,03/16/2023,DD DOORDASH ELLIESDEL,Food & Drink,Sale,-40.47,
453,03/14/2023,03/15/2023,USPS PO ,Shopping,Sale,-1.69,
454,03/14/2023,03/15/2023,VENUS.COM,Shopping,Return,45.85,
455,03/13/2023,03/15/2023,HOMEGOODS #,Shopping,Return,140.06,
456,03/14/2023,03/15/2023,MCDONALD'S F,Food & Drink,Sale,-9.78,
457,03/13/2023,03/14/2023,GLO NAIL LOUNGE,Personal,Sale,-60.0,
458,03/13/2023,03/14/2023,DD DOORDASH ROCKBOTTO,Food & Drink,Sale,-96.88,
459,03/11/2023,03/12/2023,WHOLEFDS NPV ,Groceries,Sale,-9.59,
460,03/11/2023,03/12/2023,HOMEGOODS #,Shopping,Sale,-521.39,
461,03/10/2023,03/12/2023,CASEYS FOODS,Groceries,Sale,-23.02,
462,03/10/2023,03/10/2023,PURCHASE INTEREST CHARGE,Fees & Adjustments,Fee,-61.9,
463,03/09/2023,03/10/2023,TST* LACEY - CAFE,Food & Drink,Sale,-3.82,
464,03/09/2023,03/10/2023,FLOOR AND DECOR ,Home,Sale,-1.19,
465,03/09/2023,03/10/2023,DD DOORDASH LAZYDOG,Food & Drink,Sale,-76.61,
466,03/08/2023,03/09/2023,DD DOORDASH NAFNAFGRI,Food & Drink,Sale,-24.98,
467,03/08/2023,03/08/2023,Payment Thank You - Web,,Payment,1000.0,
468,03/07/2023,03/08/2023,DD DOORDASH CHICK-FIL,Food & Drink,Sale,-58.66,
469,03/07/2023,03/07/2023,COST PLUS WLD ECOMM,Home,Sale,-462.12,
470,03/06/2023,03/07/2023,RITUAL (RITUAL.COM),Groceries,Sale,-39.29,
471,03/05/2023,03/06/2023,SERAPHINE LTD,Shopping,Sale,-100.42,
472,03/04/2023,03/05/2023,LE CHOCOLAT DU BOUCHARD,Food & Drink,Sale,-21.6,
473,03/01/2023,03/03/2023,DUPAGE MEDICAL GROUP,Health & Wellness,Sale,-201.43,
474,03/02/2023,03/03/2023,DD DOORDASH SWEETGREE,Food & Drink,Sale,-22.23,
475,02/27/2023,03/01/2023,AMERICAN AIR,Travel,Sale,-100.0,
476,02/28/2023,03/01/2023,PELOTON* MEMBERSHIP,Shopping,Sale,-12.99,
477,02/28/2023,03/01/2023,DD DOORDASH LAZYDOG,Food & Drink,Sale,-91.27,
478,02/28/2023,03/01/2023,CHICAGO O'HARE INTERNA,Home,Sale,-7.0,
479,02/25/2023,02/27/2023,WATERWAY CAFE,Food & Drink,Sale,-109.54,
480,02/25/2023,02/27/2023,STARBUCKS STORE ,Food & Drink,Sale,-12.45,
481,02/26/2023,02/27/2023,DD DOORDASH DUFFYSSPO,Food & Drink,Sale,-86.29,
482,02/24/2023,02/26/2023,PUBLIX #,Groceries,Sale,-91.17,
483,02/19/2023,02/20/2023,DD DOORDASH NAFNAFGRI,Food & Drink,Sale,-61.45,
484,02/19/2023,02/20/2023,TRADER JOE S #,Groceries,Sale,-29.25,
485,02/19/2023,02/20/2023,GLO NAIL LOUNGE,Personal,Sale,-130.0,
486,02/17/2023,02/19/2023,TST* LACEY - CAFE,Food & Drink,Sale,-4.65,
487,02/18/2023,02/19/2023,MADEWELL.COM,Shopping,Sale,-97.74,
488,02/18/2023,02/19/2023,DD DOORDASH LAZYDOG,Food & Drink,Sale,-110.45,
489,02/15/2023,02/16/2023,DD DOORDASH ROCKBOTTO,Food & Drink,Sale,-106.14,
490,02/14/2023,02/15/2023,VENUS.COM,Shopping,Sale,-298.41,
491,02/13/2023,02/14/2023,DD DOORDASH BUFFALOWI,Food & Drink,Sale,-126.72,
492,02/13/2023,02/13/2023,DD DOORDASH EGGHARBOR,Food & Drink,Sale,-49.8,
493,02/12/2023,02/13/2023,DD DOORDASH JIMMYJOHN,Food & Drink,Sale,-34.83,
494,02/12/2023,02/13/2023,DD DOORDASH TANAKARAM,Food & Drink,Sale,-115.23,
495,02/10/2023,02/12/2023,JEWEL OSCO ,Groceries,Sale,-22.92,
496,02/10/2023,02/12/2023,DD DOORDASH PANERABRE,Food & Drink,Sale,-53.31,
497,02/10/2023,02/10/2023,PURCHASE INTEREST CHARGE,Fees & Adjustments,Fee,-52.38,
498,02/09/2023,02/10/2023,TST* LACEY - CAFE,Food & Drink,Sale,-13.13,
499,02/09/2023,02/10/2023,TST* LACEY - CAFE,Food & Drink,Sale,-3.27,
500,02/08/2023,02/08/2023,Payment Thank You - Web,,Payment,3316.76,
501,02/06/2023,02/07/2023,DD DOORDASH NAFNAFGRI,Food & Drink,Sale,-49.57,
502,02/06/2023,02/06/2023,DD DOORDASH PANDAEXPR,Food & Drink,Sale,-19.88,
503,02/03/2023,02/05/2023,GLO NAIL LOUNGE,Personal,Sale,-60.0,
504,02/03/2023,02/05/2023,DD DOORDASH NAFNAFGRI,Food & Drink,Sale,-48.53,
505,02/03/2023,02/05/2023,CASEYS FOODS,Groceries,Sale,-59.06,
506,02/02/2023,02/03/2023,DD DOORDASH NAFNAFGRI,Food & Drink,Sale,-23.59,
507,01/29/2023,01/30/2023,DOORDASH*LAZY DOG,Food & Drink,Sale,-129.62,
508,01/28/2023,01/29/2023,PELOTON* MEMBERSHIP,Shopping,Sale,-12.99,
509,01/24/2023,01/25/2023,WALMART.COM,Shopping,Sale,-33.97,
510,01/24/2023,01/25/2023,CONTAINERSTORE.COM,Shopping,Sale,-93.46,
511,01/23/2023,01/24/2023,WALGREENS #,Health & Wellness,Sale,-8.63,
512,01/23/2023,01/24/2023,BIG LITTLE FEELINGS,Education,Sale,-123.0,
513,01/18/2023,01/18/2023,AMERICAN AIR,Travel,Sale,-799.8,
514,01/16/2023,01/18/2023, - NORTH LAKE SH,Travel,Sale,-90.0,
515,01/18/2023,01/18/2023,AMERICAN AIR,Travel,Sale,-799.8,
516,01/17/2023,01/18/2023,DUPAGE VALLEY ANES LTD,Health & Wellness,Sale,-66.0,
517,01/14/2023,01/15/2023,DD DOORDASH CHEZFRANC,Food & Drink,Sale,-42.55,
518,01/13/2023,01/15/2023,TST* Foxtail,Food & Drink,Sale,-243.13,
519,01/11/2023,01/11/2023,PURCHASE INTEREST CHARGE,Fees & Adjustments,Fee,-60.31,
520,01/09/2023,01/10/2023,GLO NAIL LOUNGE,Personal,Sale,-60.0,
521,01/09/2023,01/09/2023,Payment Thank You - Web,,Payment,2287.23,
522,01/08/2023,01/09/2023,DD DOORDASH ROCKBOTTO,Food & Drink,Sale,-105.38,
523,01/08/2023,01/08/2023,LATE FEE,Fees & Adjustments,Fee,-29.0,
524,01/06/2023,01/06/2023,DD DOORDASH AURELIOSP,Food & Drink,Sale,-60.46,
525,01/04/2023,01/06/2023,JEWEL OSCO ,Groceries,Sale,-34.76,
526,01/05/2023,01/06/2023,IN *DANIELLE RUBAN,Professional Services,Sale,-1692.27,
527,01/04/2023,01/05/2023,DOORDASH*LAZY DOG,Food & Drink,Sale,-63.13,
528,01/02/2023,01/04/2023,CROWNE PLAZA AIRPORT- THE,Food & Drink,Sale,-55.58,
529,01/02/2023,01/04/2023,CROWNE PLAZA AIRPORT- FRO,Travel,Sale,-12.84,
530,12/28/2022,12/29/2022,PELOTON* MEMBERSHIP,Shopping,Sale,-12.99,
531,12/22/2022,12/23/2022,RESTAURANTE LA CLANDESTIN,Food & Drink,Sale,-49.5,
532,12/19/2022,12/20/2022,DFA TOC ,Shopping,Sale,-187.0,
533,12/18/2022,12/19/2022,GLO NAIL LOUNGE,Personal,Sale,-130.0,
534,12/15/2022,12/18/2022,STARBUCKS STORE ,Food & Drink,Sale,-11.59,
535,12/14/2022,12/16/2022,STARBUCKS STORE ,Food & Drink,Sale,-101.0,
536,12/14/2022,12/15/2022,DOWNTOWN NAPERVILLE ALL,Gifts & Donations,Sale,-350.0,
537,12/13/2022,12/14/2022,PLAINFIELD SURGERY CENTER,Health & Wellness,Sale,-99.72,
538,12/10/2022,12/11/2022,CASEYS FOODS,Groceries,Sale,-14.41,
539,12/10/2022,12/11/2022,MARIANOS ,Groceries,Sale,-49.59,
540,12/08/2022,12/09/2022,MICHAEL GRAHAM SALON &amp; SP,Health & Wellness,Sale,-303.0,
541,12/06/2022,12/08/2022,DUPAGE MEDICAL GROUP,Health & Wellness,Sale,-76.31,
542,12/07/2022,12/07/2022,Payment Thank You - Web,,Payment,2025.36,
543,12/05/2022,12/06/2022,NAPERVILLE DENTAL SPECIAL,Health & Wellness,Sale,-28.0,
544,12/04/2022,12/04/2022,DD DOORDASH JIMMYJOHN,Food & Drink,Sale,-33.76,
545,12/02/2022,12/04/2022,GLO NAIL LOUNGE,Personal,Sale,-65.0,
546,12/03/2022,12/04/2022,DD DOORDASH NANDOSPER,Food & Drink,Sale,-88.74,
547,12/01/2022,12/02/2022,LONGEVITY SPA - NAPERV,Health & Wellness,Sale,-505.0,
548,12/01/2022,12/01/2022,MED*ABC PEDIATRICS LTD,Health & Wellness,Sale,-15.05,
549,11/28/2022,11/29/2022,PELOTON* MEMBERSHIP,Shopping,Sale,-12.99,
550,11/25/2022,11/27/2022,MACORNER,Home,Sale,-25.94,
551,11/24/2022,11/24/2022,Offer:Kohl's,Fees & Adjustments,Adjustment,20.0,
552,11/21/2022,11/22/2022,VENUS.COM,Shopping,Sale,-67.86,
553,11/20/2022,11/21/2022,KOHL'S #,Shopping,Sale,-454.63,
554,11/20/2022,11/21/2022,AT* MORTONARBORETUM,Gifts & Donations,Sale,-108.0,
555,11/15/2022,11/15/2022,PROTEA NUTRITION,Shopping,Sale,-107.72,
556,11/13/2022,11/14/2022,GLO NAIL LOUNGE,Personal,Sale,-130.0,
557,11/07/2022,11/09/2022,EVEREVE - ,Shopping,Sale,-426.69,
558,11/08/2022,11/08/2022,MICHAEL GRAHAM SALON &amp; SP,Health & Wellness,Sale,-220.0,
559,11/07/2022,11/08/2022,KOHL'S #,Shopping,Sale,-64.94,
560,11/07/2022,11/08/2022,KOHL'S #,Shopping,Sale,-30.36,
561,11/07/2022,11/07/2022,Payment Thank You - Web,,Payment,3433.09,
562,11/06/2022,11/07/2022,HOORAY STUDIOS INC.,Shopping,Sale,-49.45,
563,11/05/2022,11/06/2022,DD DOORDASH NANDOSPER,Food & Drink,Sale,-49.38,
564,10/28/2022,10/30/2022,PELOTON* MEMBERSHIP,Shopping,Sale,-12.99,
565,10/27/2022,10/30/2022,MARKET@WORK ,Food & Drink,Sale,-3.56,
566,10/27/2022,10/28/2022,COOPERS HAWK COMM CAFE,Food & Drink,Sale,-14.34,
567,10/26/2022,10/27/2022,COOPERS HAWK COMM CAFE,Food & Drink,Sale,-12.72,
568,10/25/2022,10/27/2022,CUPITOL COFFEE AND EATERY,Food & Drink,Sale,-13.54,
569,10/25/2022,10/26/2022,TARGET ,Shopping,Sale,-9.32,
570,10/24/2022,10/25/2022,CHICAGO LINE CRUISES RETA,Entertainment,Sale,-207.54,
571,10/24/2022,10/25/2022,DD DOORDASH LAZYDOG,Food & Drink,Sale,-32.2,
572,10/23/2022,10/24/2022,TARGET ,Groceries,Sale,-164.18,
573,10/21/2022,10/23/2022,GLO NAIL LOUNGE,Personal,Sale,-137.0,
574,10/20/2022,10/21/2022,DUPAGE VALLEY ANES LTD,Health & Wellness,Sale,-66.0,
575,10/17/2022,10/19/2022,FEDEX ,Personal,Sale,-31.91,
576,10/17/2022,10/19/2022,FEDEX ,Personal,Sale,-5.92,
577,10/14/2022,10/17/2022,THE GROWING PLACE - MAIN,Home,Sale,-191.79,
578,10/13/2022,10/14/2022,WALGREENS #,Health & Wellness,Sale,-63.1,
579,10/12/2022,10/12/2022,DD DOORDASH PANERABRE,Food & Drink,Sale,-37.2,
580,10/08/2022,10/09/2022,KOHL'S #,Shopping,Sale,-38.97,
581,10/08/2022,10/09/2022,Payment Thank You - Web,,Payment,1735.88,
582,10/06/2022,10/07/2022,QUEST DIAGNOSTICS,Health & Wellness,Sale,-5.11,
583,10/04/2022,10/06/2022,JEWEL OSCO ,Groceries,Sale,-14.38,
584,10/05/2022,10/06/2022,WALGREENS #,Health & Wellness,Sale,-3.82,
585,10/03/2022,10/04/2022,GLO NAIL LOUNGE,Personal,Sale,-60.0,
586,10/02/2022,10/03/2022,TRADER JOE S #,Groceries,Sale,-110.12,
587,10/02/2022,10/03/2022,DD DOORDASH DASHMART,Food & Drink,Sale,-18.02,
588,09/30/2022,10/02/2022, - NORTH GREEN,Travel,Sale,-9.0,
589,09/30/2022,09/30/2022,DD DOORDASH POTBELLYS,Food & Drink,Sale,-13.08,
590,09/28/2022,09/29/2022,PELOTON* MEMBERSHIP,Shopping,Sale,-12.99,
591,09/27/2022,09/28/2022,TARGET ,Groceries,Sale,-156.96,
592,09/27/2022,09/28/2022,FBPAY BeTheMatch,Gifts & Donations,Sale,-50.0,
593,09/27/2022,09/28/2022,MICHAEL GRAHAM SALON &amp; SP,Health & Wellness,Sale,-329.71,
594,09/26/2022,09/27/2022,IN *DANIELLE RUBAN,Professional Services,Sale,-1737.09,
595,09/25/2022,09/26/2022,DD DOORDASH DASHMART,Food & Drink,Sale,-20.07,
596,09/23/2022,09/25/2022,DUPAGE MEDICAL GROUP,Health & Wellness,Sale,-247.3,
597,09/19/2022,09/21/2022,TEN LITTLE,Shopping,Sale,-76.5,
598,09/20/2022,09/21/2022,CASEYS FOODS,Groceries,Sale,-27.42,
599,09/18/2022,09/19/2022,DD DOORDASH BENJERRYS,Food & Drink,Sale,-25.82,
600,09/12/2022,09/13/2022,HOMEGOODS #,Shopping,Sale,-80.73,
601,09/11/2022,09/12/2022,TARGET ,Groceries,Sale,-194.77,
602,09/09/2022,09/11/2022,GLO NAIL LOUNGE,Personal,Sale,-115.0,
603,09/08/2022,09/08/2022,Payment Thank You - Web,,Payment,1907.06,
604,09/07/2022,09/08/2022,CITY BEAUTY,Shopping,Sale,-37.71,
605,09/02/2022,09/05/2022,THE GROWING PLACE - MAIN,Home,Sale,-114.96,
606,09/03/2022,09/04/2022,WHOLEFDS NPV ,Groceries,Sale,-242.56,
607,09/02/2022,09/04/2022,PLAINFIELD SURGERY CENTER,Health & Wellness,Sale,-619.37,
608,09/02/2022,09/02/2022,MED*ABC PEDIATRICS LTD,Health & Wellness,Sale,-116.06,
609,08/31/2022,09/01/2022,MCDONALD'S F,Food & Drink,Sale,-14.92,
610,08/29/2022,08/31/2022,COUNTRY CHIP WAGON,Food & Drink,Sale,-35.27,
611,08/29/2022,08/30/2022,SQ *THE PIE GUYS BAKERY &amp;,Groceries,Sale,-20.62,
612,08/28/2022,08/29/2022,PELOTON* MEMBERSHIP,Shopping,Sale,-12.99,
613,08/26/2022,08/28/2022,LCBO/RAO #,Food & Drink,Sale,-73.76,
614,08/21/2022,08/22/2022,DD DOORDASH POKEBROS,Food & Drink,Sale,-62.44,
615,08/15/2022,08/16/2022,WALMART.COM AA,Shopping,Sale,-17.05,
616,08/12/2022,08/14/2022,CL *Chase Travel,Travel,Sale,-3622.04,
617,08/12/2022,08/14/2022,CL *Chase Travel,Travel,Sale,-253.17,
618,08/06/2022,08/07/2022,Payment Thank You-Mobile,,Payment,2297.53,
619,08/02/2022,08/04/2022,DUPAGE MEDICAL GROUP,Health & Wellness,Sale,-117.5,
620,07/31/2022,08/01/2022,DD DOORDASH JEWEL-OSC,Food & Drink,Sale,-44.09,
621,07/30/2022,07/31/2022,DD DOORDASH POKEBROS,Food & Drink,Sale,-62.44,
622,07/30/2022,07/31/2022,DD DOORDASH ROCKBOTTO,Food & Drink,Sale,-40.19,
623,07/28/2022,07/29/2022,PELOTON* MEMBERSHIP,Shopping,Sale,-12.99,
624,07/25/2022,07/26/2022,GLO NAIL LOUNGE,Personal,Sale,-125.0,
625,07/24/2022,07/25/2022,DD DOORDASH EGGHARBOR,Food & Drink,Sale,-52.09,
626,07/22/2022,07/24/2022,CASEYS FOODS,Groceries,Sale,-39.02,
627,07/21/2022,07/21/2022,MED*ABC PEDIATRICS LTD,Health & Wellness,Sale,-100.36,
628,07/21/2022,07/21/2022,DD DOORDASH SWEETGREE,Food & Drink,Sale,-22.23,
629,07/15/2022,07/17/2022,KIDSNIPS,Personal,Sale,-30.0,
630,07/15/2022,07/17/2022,DD DOORDASH SUSHINAPE,Food & Drink,Sale,-177.79,
631,07/14/2022,07/15/2022,MICHAEL GRAHAM SALON &amp; SP,Health & Wellness,Sale,-279.0,
632,07/14/2022,07/15/2022,LONGEVITY SPA - NAPERV,Health & Wellness,Sale,-639.0,
633,07/13/2022,07/14/2022,EYE ENCOUNTERS,Health & Wellness,Sale,-65.0,
634,07/12/2022,07/12/2022,MED*ABC PEDIATRICS LTD,Health & Wellness,Sale,-100.36,
635,07/09/2022,07/10/2022,DD DOORDASH AURELIOSP,Food & Drink,Sale,-83.29,
636,07/07/2022,07/10/2022,TAKING CARA BABIES,Shopping,Return,75.0,
637,07/09/2022,07/10/2022,CASEYS FOODS,Groceries,Sale,-24.23,
638,07/07/2022,07/08/2022,CASEYS FOODS,Groceries,Sale,-44.83,
639,07/07/2022,07/08/2022,TAKING CARA BABIES,Shopping,Sale,-179.0,
640,07/07/2022,07/08/2022,CLR*StretchZne,Health & Wellness,Sale,-240.0,
641,07/07/2022,07/07/2022,Payment Thank You - Web,,Payment,6975.05,
642,07/06/2022,07/07/2022,TAKING CARA BABIES,Shopping,Sale,-75.0,
643,07/04/2022,07/05/2022,DD DOORDASH LAZYDOG,Food & Drink,Sale,-82.92,
644,07/01/2022,07/03/2022,DD DOORDASH POKEBROS,Food & Drink,Sale,-62.44,
645,07/01/2022,07/03/2022,GLO NAIL LOUNGE,Personal,Sale,-130.0,
646,07/01/2022,07/01/2022,ANNUAL MEMBERSHIP FEE,Fees & Adjustments,Fee,-95.0,
647,06/30/2022,06/30/2022,DD DOORDASH CHIPOTLE,Food & Drink,Sale,-26.55,
648,06/29/2022,06/30/2022,worldmarket.com,Home,Sale,-149.75,
649,06/28/2022,06/29/2022,PELOTON* MEMBERSHIP,Shopping,Sale,-12.99,
650,06/23/2022,06/24/2022,LULULEMON NAPERVILLE,Shopping,Sale,-94.82,
651,06/23/2022,06/23/2022,DD DOORDASH POTBELLYS,Food & Drink,Sale,-23.47,
652,06/21/2022,06/21/2022,AMZN Mktp US*UHXB,Shopping,Sale,-40.06,
653,06/20/2022,06/21/2022,DOORDASH*ROCK BOTTOM R,Food & Drink,Sale,-35.91,
654,06/18/2022,06/19/2022,SQ *TEXAS OUTLAW BBQ,Food & Drink,Sale,-75.0,
655,06/18/2022,06/19/2022,LULULEMON NAPERVILLE,Shopping,Sale,-136.85,
656,06/18/2022,06/19/2022,PROTEA NUTRITION,Shopping,Sale,-102.34,
657,06/18/2022,06/19/2022,MICHAEL GRAHAM SALON &amp; SP,Health & Wellness,Sale,-297.43,
658,06/17/2022,06/19/2022,TST* Fiamme - Naperville,Food & Drink,Sale,-110.36,
659,06/17/2022,06/19/2022,WAXING THE CITY,Health & Wellness,Sale,-78.2,
660,06/15/2022,06/15/2022,DD DOORDASH NAFNAFGRI,Food & Drink,Sale,-21.13,
661,06/15/2022,06/15/2022,DD DOORDASH POTBELLYS,Food & Drink,Sale,-23.47,
662,06/11/2022,06/12/2022,worldmarket.com,Home,Sale,-127.49,
